15:47:04,9DD7427A,openml,5804,36487,optimized,1.631988
15:47:04,9DD7427A,openml,5909,36567,optimized,1.73393
15:47:04,9DD7427A,openml,5910,36868,optimized,0.867927
15:47:04,9DD7427A,openml,5913,43851,optimized,1.877644
15:47:04,9DD7427A,openml,5914,44102,optimized,19.843036
15:47:04,9DD7427A,openml,5909,47569,optimized,1.642481
15:47:04,9DD7427A,openml,5909,47570,optimized,1.682115
15:47:04,9DD7427A,openml,5909,47571,optimized,1.798302
15:47:04,9DD7427A,openml,5909,47572,optimized,1.808964
15:47:04,9DD7427A,openml,5909,47573,optimized,1.691276
15:47:04,9DD7427A,openml,5909,47574,optimized,1.880107
15:47:04,9DD7427A,openml,5909,47575,optimized,1.658798
15:47:04,9DD7427A,openml,5909,47576,optimized,1.768904
15:47:04,9DD7427A,openml,6269,182594,optimized,0.283738
15:47:04,9DD7427A,openml,6268,184535,optimized,1.156344
15:47:04,9DD7427A,openml,6268,215937,optimized,1.113839
15:47:04,9DD7427A,openml,6268,215938,optimized,1.142461
15:47:04,9DD7427A,openml,5804,216560,optimized,0.34447
15:47:04,9DD7427A,openml,5804,216646,optimized,1.708324
15:47:04,9DD7427A,openml,5804,216682,optimized,2.262045
15:47:04,9DD7427A,openml,5804,216692,optimized,2.443719
15:47:04,9DD7427A,openml,5804,216704,optimized,1.628683
15:47:04,9DD7427A,openml,5804,216706,optimized,1.80988
15:47:04,9DD7427A,openml,5804,216707,optimized,2.795017
15:47:04,9DD7427A,openml,5804,216707,optimized,0.027862
15:47:04,9DD7427A,openml,5804,216708,optimized,1.670035
15:47:04,9DD7427A,openml,5804,216709,optimized,1.845433
15:47:04,9DD7427A,openml,5804,216710,optimized,2.748347
15:47:04,9DD7427A,openml,5804,216721,optimized,1.79761
15:47:04,9DD7427A,openml,5804,216722,optimized,1.507405
15:47:04,9DD7427A,openml,5995,216723,optimized,6.176952
15:47:04,9DD7427A,openml,5804,216724,optimized,4.005162
15:47:04,9DD7427A,openml,5804,217072,optimized,1.763841
15:47:04,9DD7427A,openml,5804,217116,optimized,1.768978
15:47:04,9DD7427A,openml,5804,220204,optimized,1.886645
15:47:04,9DD7427A,openml,6334,298327,optimized,0.030078
15:47:04,9DD7427A,openml,6840,1844809,optimized,0.03117
15:47:04,9DD7427A,openml,6840,1846935,optimized,0.023398
15:47:04,9DD7427A,openml,6840,1846979,optimized,0.027387
15:47:04,9DD7427A,openml,6840,1847182,optimized,0.026344
15:47:04,9DD7427A,openml,6840,1849492,optimized,0.023489
15:47:04,9DD7427A,openml,6840,1852280,optimized,0.023304
15:47:04,9DD7427A,openml,6840,1867697,optimized,0.02296
15:47:04,9DD7427A,openml,6840,1868005,optimized,0.022758
15:47:04,9DD7427A,openml,6840,1868135,optimized,0.022721
15:47:04,9DD7427A,openml,6840,1868388,optimized,0.022834
15:47:04,9DD7427A,openml,6840,1868606,optimized,0.02262
15:47:04,9DD7427A,openml,6840,1868916,optimized,0.022446
15:47:04,9DD7427A,openml,6840,1868942,optimized,0.021917
15:47:04,9DD7427A,openml,6840,1869641,optimized,0.027507
15:47:04,9DD7427A,openml,6840,1870010,optimized,0.023045
15:47:04,9DD7427A,openml,6840,1870505,optimized,0.021834
15:47:04,9DD7427A,openml,6840,1870758,optimized,0.022208
15:47:04,9DD7427A,openml,6840,1873562,optimized,0.022049
15:47:04,9DD7427A,openml,6840,1874550,optimized,0.022171
15:47:04,9DD7427A,openml,6840,1875280,optimized,0.021565
15:47:04,9DD7427A,openml,6840,1878141,optimized,0.021931
15:47:04,9DD7427A,openml,6840,1883629,optimized,0.022079
15:47:04,9DD7427A,openml,6840,1883715,optimized,0.022203
15:47:04,9DD7427A,openml,6840,1884130,optimized,0.02193
15:47:04,9DD7427A,openml,6840,1885239,optimized,0.021965
15:47:04,9DD7427A,openml,6840,1885560,optimized,0.022261
15:47:04,9DD7427A,openml,6840,1885569,optimized,0.021882
15:47:04,9DD7427A,openml,6840,1885962,optimized,0.021928
15:47:04,9DD7427A,openml,6840,1886032,optimized,0.021549
15:47:04,9DD7427A,openml,6840,1886747,optimized,0.021898
15:47:04,9DD7427A,openml,6840,1887925,optimized,0.021924
15:47:04,9DD7427A,openml,6840,1888486,optimized,0.021412
15:47:04,9DD7427A,openml,6840,1889505,optimized,0.021521
15:47:04,9DD7427A,openml,6840,1890523,optimized,0.021484
15:47:04,9DD7427A,openml,6840,1890623,optimized,0.021909
15:47:04,9DD7427A,openml,6840,1890676,optimized,0.023705
15:47:04,9DD7427A,openml,6840,1890809,optimized,0.023024
15:47:04,9DD7427A,openml,6840,1890929,optimized,0.022206
15:47:04,9DD7427A,openml,6840,1891139,optimized,0.021717
15:47:04,9DD7427A,openml,6840,1891730,optimized,0.021648
15:47:04,9DD7427A,openml,6840,1891736,optimized,0.021855
15:47:04,9DD7427A,openml,6840,1893096,optimized,0.02169
15:47:04,9DD7427A,openml,6840,1895371,optimized,0.02225
15:47:04,9DD7427A,openml,6840,1897009,optimized,0.021858
15:47:04,9DD7427A,openml,6840,1897209,optimized,0.021783
15:47:04,9DD7427A,openml,6840,1897596,optimized,0.021933
15:47:04,9DD7427A,openml,6840,1899021,optimized,0.022403
15:47:04,9DD7427A,openml,6840,1899026,optimized,0.02255
15:47:04,9DD7427A,openml,6840,1899413,optimized,0.022083
15:47:04,9DD7427A,openml,6840,1900647,optimized,0.022197
15:47:04,9DD7427A,openml,6840,1900736,optimized,0.021586
15:47:04,9DD7427A,openml,6840,1909396,optimized,0.02208
15:47:04,9DD7427A,openml,6840,1909740,optimized,0.021687
15:47:04,9DD7427A,openml,6840,1910907,optimized,0.022169
15:47:04,9DD7427A,openml,6840,1914320,optimized,0.022248
15:47:04,9DD7427A,openml,6840,1914513,optimized,0.021684
15:47:04,9DD7427A,openml,6840,1915082,optimized,0.023832
15:47:04,9DD7427A,openml,6840,1915312,optimized,0.022709
15:47:04,9DD7427A,openml,6840,2003815,optimized,0.021988
15:47:04,9DD7427A,openml,6840,2004385,optimized,0.021492
15:47:04,9DD7427A,openml,6840,2005862,optimized,0.022167
15:47:04,9DD7427A,openml,6840,2007754,optimized,0.021639
15:47:04,9DD7427A,openml,6840,2008645,optimized,0.021564
15:47:04,9DD7427A,openml,6840,2009132,optimized,0.021432
15:47:04,9DD7427A,openml,6840,2009486,optimized,0.022035
15:47:04,9DD7427A,openml,6840,2009612,optimized,0.022002
15:47:04,9DD7427A,openml,6840,2009881,optimized,0.02154
15:47:04,9DD7427A,openml,6840,2011406,optimized,0.021538
15:47:04,9DD7427A,openml,6840,2014063,optimized,0.021813
15:47:04,9DD7427A,openml,6840,2014154,optimized,0.021732
15:47:04,9DD7427A,openml,6840,2014820,optimized,0.022064
15:47:04,9DD7427A,openml,6840,2016788,optimized,0.022158
15:47:04,9DD7427A,openml,6840,2016799,optimized,0.023745
15:47:04,9DD7427A,openml,6840,2016875,optimized,0.022517
15:47:04,9DD7427A,openml,6840,2016927,optimized,0.022296
15:47:04,9DD7427A,openml,6840,2018301,optimized,0.021676
15:47:04,9DD7427A,openml,6840,2019896,optimized,0.021688
15:47:04,9DD7427A,openml,6840,2020830,optimized,0.022156
15:47:04,9DD7427A,openml,6840,2022155,optimized,0.022151
15:47:04,9DD7427A,openml,6840,2023109,optimized,0.022124
15:47:04,9DD7427A,openml,6840,2023812,optimized,0.021619
15:47:04,9DD7427A,openml,6840,2024409,optimized,0.021876
15:47:04,9DD7427A,openml,6840,2024779,optimized,0.021502
15:47:04,9DD7427A,openml,6840,2025698,optimized,0.022069
15:47:04,9DD7427A,openml,6840,2025826,optimized,0.021535
15:47:04,9DD7427A,openml,6840,2027877,optimized,0.022007
15:47:04,9DD7427A,openml,6840,2028414,optimized,0.021728
15:47:04,9DD7427A,openml,6840,2028432,optimized,0.02196
15:47:04,9DD7427A,openml,6840,2029915,optimized,0.022859
15:47:04,9DD7427A,openml,6840,2030442,optimized,0.022637
15:47:04,9DD7427A,openml,6840,2030450,optimized,0.021815
15:47:04,9DD7427A,openml,6840,2031165,optimized,0.021586
15:47:04,9DD7427A,openml,6840,2031278,optimized,0.021792
15:47:04,9DD7427A,openml,6840,2031395,optimized,0.021992
15:47:04,9DD7427A,openml,6840,2031402,optimized,0.021644
15:47:04,9DD7427A,openml,6840,2031569,optimized,0.021442
15:47:04,9DD7427A,openml,6840,2032497,optimized,0.021579
15:47:04,9DD7427A,openml,6840,2033564,optimized,0.02217
15:47:04,9DD7427A,openml,6840,2034884,optimized,0.021551
15:47:04,9DD7427A,openml,6840,2035473,optimized,0.021502
15:47:04,9DD7427A,openml,6840,2035623,optimized,0.02188
15:47:04,9DD7427A,openml,6840,2036364,optimized,0.021607
15:47:04,9DD7427A,openml,6840,2037267,optimized,0.021532
15:47:04,9DD7427A,openml,6840,2037436,optimized,0.021912
15:47:04,9DD7427A,openml,6840,2037958,optimized,0.021991
15:47:04,9DD7427A,openml,6840,2040067,optimized,0.021741
15:47:04,9DD7427A,openml,6840,2040976,optimized,0.021394
15:47:04,9DD7427A,openml,6840,2041466,optimized,0.021606
15:47:04,9DD7427A,openml,6840,2042180,optimized,0.025109
15:47:04,9DD7427A,openml,6840,2042330,optimized,0.023169
15:47:04,9DD7427A,openml,6840,2043290,optimized,0.021812
15:47:04,9DD7427A,openml,6840,2045194,optimized,0.021806
15:47:04,9DD7427A,openml,6840,2045412,optimized,0.021626
15:47:04,9DD7427A,openml,6840,2046354,optimized,0.021984
15:47:04,9DD7427A,openml,6840,2048899,optimized,0.022029
15:47:04,9DD7427A,openml,6840,2051605,optimized,0.021972
15:47:04,9DD7427A,openml,6840,2051992,optimized,0.021458
15:47:04,9DD7427A,openml,6840,2053979,optimized,0.02196
15:47:04,9DD7427A,openml,6840,2056968,optimized,0.021975
15:47:04,9DD7427A,openml,6840,2057088,optimized,0.021488
15:47:04,9DD7427A,openml,6840,2058244,optimized,0.021839
15:47:04,9DD7427A,openml,6840,2058504,optimized,0.021787
15:47:04,9DD7427A,openml,6840,2061119,optimized,0.021688
15:47:04,9DD7427A,openml,6840,2061179,optimized,0.021834
15:47:04,9DD7427A,openml,6840,2061374,optimized,0.021793
15:47:04,9DD7427A,openml,6840,2063598,optimized,0.021499
15:47:04,9DD7427A,openml,6840,2064257,optimized,0.022033
15:47:04,9DD7427A,openml,6840,2064483,optimized,0.022312
15:47:04,9DD7427A,openml,6840,2064743,optimized,0.022396
15:47:04,9DD7427A,openml,6840,2065036,optimized,0.022393
15:47:04,9DD7427A,openml,6840,2067330,optimized,0.022033
15:47:04,9DD7427A,openml,6840,2068814,optimized,0.021886
15:47:04,9DD7427A,openml,6840,2069481,optimized,0.021802
15:47:04,9DD7427A,openml,6840,2070531,optimized,0.021883
15:47:04,9DD7427A,openml,6840,2070971,optimized,0.021837
15:47:04,9DD7427A,openml,6840,2072798,optimized,0.021445
15:47:04,9DD7427A,openml,6840,2074862,optimized,0.021396
15:47:04,9DD7427A,openml,6840,2076252,optimized,0.021536
15:47:04,9DD7427A,openml,6840,2078341,optimized,0.021802
15:47:04,9DD7427A,openml,6840,2078664,optimized,0.021981
15:47:04,9DD7427A,openml,6840,2081962,optimized,0.021551
15:47:04,9DD7427A,openml,6840,2081966,optimized,0.023558
15:47:04,9DD7427A,openml,6840,2082006,optimized,0.0221
15:47:04,9DD7427A,openml,6840,2083021,optimized,0.02215
15:47:04,9DD7427A,openml,6840,2083516,optimized,0.022144
15:47:04,9DD7427A,openml,6840,2086503,optimized,0.02177
15:47:04,9DD7427A,openml,6840,2088600,optimized,0.022037
15:47:04,9DD7427A,openml,6840,2088667,optimized,0.022009
15:47:04,9DD7427A,openml,6840,2088799,optimized,0.021942
15:47:04,9DD7427A,openml,6840,2089721,optimized,0.021509
15:47:04,9DD7427A,openml,6840,2089944,optimized,0.022211
15:47:04,9DD7427A,openml,6840,2090890,optimized,0.021869
15:47:04,9DD7427A,openml,6840,2093700,optimized,0.021948
15:47:04,9DD7427A,openml,6840,2094623,optimized,0.022302
15:47:04,9DD7427A,openml,6840,2094784,optimized,0.021894
15:47:04,9DD7427A,openml,6840,2097218,optimized,0.02195
15:47:04,9DD7427A,openml,6840,2098799,optimized,0.02162
15:47:04,9DD7427A,openml,6840,2100573,optimized,0.021759
15:47:04,9DD7427A,openml,6840,2105544,optimized,0.021591
15:47:04,9DD7427A,openml,6840,2106602,optimized,0.021528
15:47:04,9DD7427A,openml,6840,2109921,optimized,0.021984
15:47:04,9DD7427A,openml,6840,2110817,optimized,0.021632
15:47:04,9DD7427A,openml,6840,2110933,optimized,0.021724
15:47:04,9DD7427A,openml,6840,2112642,optimized,0.02244
15:47:04,9DD7427A,openml,6840,2113001,optimized,0.022727
15:47:04,9DD7427A,openml,6840,2113306,optimized,0.02166
15:47:04,9DD7427A,openml,6840,2113549,optimized,0.021684
15:47:04,9DD7427A,openml,6840,2113751,optimized,0.022163
15:47:04,9DD7427A,openml,6840,2114009,optimized,0.021711
15:47:04,9DD7427A,openml,6840,2114502,optimized,0.021472
15:47:04,9DD7427A,openml,6840,2114561,optimized,0.021576
15:47:04,9DD7427A,openml,6840,2115329,optimized,0.024888
15:47:04,9DD7427A,openml,6840,2117562,optimized,0.022157
15:47:04,9DD7427A,openml,6840,2118672,optimized,0.022056
15:47:04,9DD7427A,openml,6840,2120558,optimized,0.02184
15:47:04,9DD7427A,openml,6840,2121109,optimized,0.022386
15:47:04,9DD7427A,openml,6840,2124369,optimized,0.021841
15:47:04,9DD7427A,openml,6840,2124376,optimized,0.021742
15:47:04,9DD7427A,openml,6840,2125132,optimized,0.021439
15:47:04,9DD7427A,openml,6840,2132161,optimized,0.021939
15:47:04,9DD7427A,openml,6840,2132842,optimized,0.021717
15:47:04,9DD7427A,openml,6840,2132894,optimized,0.02142
15:47:04,9DD7427A,openml,6840,2132935,optimized,0.021891
15:47:04,9DD7427A,openml,6840,2133348,optimized,0.021698
15:47:04,9DD7427A,openml,6840,2135584,optimized,0.021612
15:47:04,9DD7427A,openml,6840,2136723,optimized,0.021552
15:47:04,9DD7427A,openml,6840,2137527,optimized,0.021928
15:47:04,9DD7427A,openml,6840,2138290,optimized,0.022294
15:47:04,9DD7427A,openml,6840,2138566,optimized,0.022088
15:47:04,9DD7427A,openml,6840,2141397,optimized,0.021952
15:47:04,9DD7427A,openml,6840,2141484,optimized,0.021921
15:47:04,9DD7427A,openml,6840,2141666,optimized,0.021752
15:47:04,9DD7427A,openml,6840,2143352,optimized,0.02155
15:47:04,9DD7427A,openml,6840,2143555,optimized,0.021496
15:47:04,9DD7427A,openml,6840,2143813,optimized,0.022614
15:47:04,9DD7427A,openml,6840,2145235,optimized,0.022504
15:47:04,9DD7427A,openml,6840,2145296,optimized,0.022152
15:47:04,9DD7427A,openml,6840,2145722,optimized,0.021736
15:47:04,9DD7427A,openml,6840,2148176,optimized,0.021653
15:47:04,9DD7427A,openml,6840,2148553,optimized,0.021445
15:47:04,9DD7427A,openml,6840,2148712,optimized,0.021549
15:47:04,9DD7427A,openml,6840,2149737,optimized,0.021602
15:47:04,9DD7427A,openml,6840,2151874,optimized,0.021362
15:47:04,9DD7427A,openml,6840,2153760,optimized,0.02159
15:47:04,9DD7427A,openml,6840,2154223,optimized,0.021541
15:47:04,9DD7427A,openml,6840,2154270,optimized,0.021921
15:47:04,9DD7427A,openml,6840,2154486,optimized,0.021685
15:47:04,9DD7427A,openml,6840,2155501,optimized,0.021561
15:47:04,9DD7427A,openml,6840,2155506,optimized,0.021556
15:47:04,9DD7427A,openml,6840,2155819,optimized,0.021658
15:47:04,9DD7427A,openml,6840,2156221,optimized,0.021944
15:47:04,9DD7427A,openml,6840,2157543,optimized,0.021608
15:47:04,9DD7427A,openml,6840,2159600,optimized,0.022119
15:47:04,9DD7427A,openml,6840,2159624,optimized,0.021459
15:47:04,9DD7427A,openml,6840,2159870,optimized,0.021748
15:47:04,9DD7427A,openml,6840,2160164,optimized,0.02206
15:47:04,9DD7427A,openml,6840,2160373,optimized,0.02226
15:47:04,9DD7427A,openml,6840,2162267,optimized,0.021774
15:47:04,9DD7427A,openml,6840,2162757,optimized,0.021872
15:47:04,9DD7427A,openml,6840,2163153,optimized,0.021771
15:47:04,9DD7427A,openml,6840,2163224,optimized,0.021517
15:47:04,9DD7427A,openml,6840,2163385,optimized,0.021996
15:47:04,9DD7427A,openml,6840,2165071,optimized,0.022012
15:47:04,9DD7427A,openml,6840,2165546,optimized,0.022017
15:47:04,9DD7427A,openml,6840,2166044,optimized,0.023485
15:47:04,9DD7427A,openml,6840,2167620,optimized,0.022818
15:47:04,9DD7427A,openml,6840,2168107,optimized,0.022164
15:47:04,9DD7427A,openml,6840,2168812,optimized,0.022251
15:47:04,9DD7427A,openml,6840,2171014,optimized,0.022414
15:47:04,9DD7427A,openml,6840,2171317,optimized,0.02161
15:47:04,9DD7427A,openml,6840,2171801,optimized,0.021842
15:47:04,9DD7427A,openml,6840,2171804,optimized,0.021915
15:47:04,9DD7427A,openml,6840,2173269,optimized,0.021982
15:47:04,9DD7427A,openml,6840,2173553,optimized,0.02237
15:47:04,9DD7427A,openml,6840,2174891,optimized,0.021899
15:47:04,9DD7427A,openml,6840,2175204,optimized,0.022341
15:47:04,9DD7427A,openml,6840,2175729,optimized,0.022005
15:47:04,9DD7427A,openml,6840,2176303,optimized,0.021946
15:47:04,9DD7427A,openml,6840,2176431,optimized,0.021638
15:47:04,9DD7427A,openml,6840,2177513,optimized,0.022047
15:47:04,9DD7427A,openml,6840,2179921,optimized,0.021943
15:47:04,9DD7427A,openml,6840,2180069,optimized,0.021958
15:47:04,9DD7427A,openml,6840,2180904,optimized,0.021587
15:47:04,9DD7427A,openml,6840,2181250,optimized,0.022282
15:47:04,9DD7427A,openml,6840,2182506,optimized,0.022081
15:47:04,9DD7427A,openml,6840,2182926,optimized,0.021625
15:47:04,9DD7427A,openml,6840,2184086,optimized,0.021986
15:47:04,9DD7427A,openml,6840,2184303,optimized,0.022058
15:47:04,9DD7427A,openml,6840,2189148,optimized,0.021838
15:47:04,9DD7427A,openml,6840,2189759,optimized,0.022173
15:47:04,9DD7427A,openml,6840,2190607,optimized,0.021523
15:47:04,9DD7427A,openml,6840,2190998,optimized,0.021926
15:47:04,9DD7427A,openml,6840,2191010,optimized,0.022041
15:47:04,9DD7427A,openml,6840,2192420,optimized,0.022551
15:47:04,9DD7427A,openml,6840,2192769,optimized,0.022458
15:47:04,9DD7427A,openml,6840,2193130,optimized,0.021913
15:47:04,9DD7427A,openml,6840,2193818,optimized,0.021687
15:47:04,9DD7427A,openml,6840,2193838,optimized,0.021484
15:47:04,9DD7427A,openml,6840,2193877,optimized,0.022139
15:47:04,9DD7427A,openml,6840,2194158,optimized,0.021938
15:47:04,9DD7427A,openml,6840,2195738,optimized,0.02198
15:47:04,9DD7427A,openml,6840,2199571,optimized,0.021683
15:47:04,9DD7427A,openml,6840,2206378,optimized,0.022002
15:47:04,9DD7427A,openml,6840,2207259,optimized,0.021952
15:47:04,9DD7427A,openml,6840,2207268,optimized,0.021885
15:47:04,9DD7427A,openml,6840,2208304,optimized,0.021954
15:47:04,9DD7427A,openml,6840,2209647,optimized,0.022128
15:47:04,9DD7427A,openml,6840,2210336,optimized,0.02204
15:47:04,9DD7427A,openml,6840,2210780,optimized,0.02152
15:47:04,9DD7427A,openml,6840,2212207,optimized,0.021797
15:47:04,9DD7427A,openml,6840,2213291,optimized,0.022096
15:47:04,9DD7427A,openml,6840,2214635,optimized,0.021585
15:47:04,9DD7427A,openml,6840,2217119,optimized,0.02362
15:47:04,9DD7427A,openml,6840,2222828,optimized,0.022433
15:47:04,9DD7427A,openml,6840,2222860,optimized,0.022144
15:47:04,9DD7427A,openml,6840,2223579,optimized,0.021833
15:47:04,9DD7427A,openml,6840,2223652,optimized,0.021536
15:47:04,9DD7427A,openml,6840,2223962,optimized,0.021492
15:47:04,9DD7427A,openml,6840,2226054,optimized,0.021776
15:47:04,9DD7427A,openml,6840,2227550,optimized,0.021659
15:47:04,9DD7427A,openml,6840,2227884,optimized,0.022566
15:47:04,9DD7427A,openml,6840,2228122,optimized,0.022269
15:47:04,9DD7427A,openml,6840,2230728,optimized,0.022576
15:47:04,9DD7427A,openml,6840,2525747,optimized,0.022045
15:47:04,9DD7427A,openml,6840,2525821,optimized,0.022214
15:47:04,9DD7427A,openml,6840,2527113,optimized,0.02322
15:47:04,9DD7427A,openml,6840,2527913,optimized,0.022315
15:47:04,9DD7427A,openml,6840,2527915,optimized,0.022641
15:47:04,9DD7427A,openml,6840,2528173,optimized,0.021751
15:47:04,9DD7427A,openml,6840,2528279,optimized,0.021643
15:47:04,9DD7427A,openml,6840,2528367,optimized,0.022022
15:47:04,9DD7427A,openml,6840,2528724,optimized,0.022084
15:47:04,9DD7427A,openml,6840,2529715,optimized,0.02143
15:47:04,9DD7427A,openml,6840,2530029,optimized,0.021671
15:47:04,9DD7427A,openml,6840,2530646,optimized,0.022008
15:47:04,9DD7427A,openml,6840,2531639,optimized,0.021932
15:47:04,9DD7427A,openml,6840,2532048,optimized,0.021626
15:47:04,9DD7427A,openml,6840,2532320,optimized,0.021486
15:47:04,9DD7427A,openml,6840,2532342,optimized,0.021994
15:47:04,9DD7427A,openml,6840,2532686,optimized,0.021681
15:47:04,9DD7427A,openml,6840,2534320,optimized,0.022259
15:47:04,9DD7427A,openml,6840,2534337,optimized,0.021688
15:47:04,9DD7427A,openml,6840,2534694,optimized,0.022174
15:47:04,9DD7427A,openml,6840,2535705,optimized,0.021463
15:47:04,9DD7427A,openml,6840,2536022,optimized,0.022897
15:47:04,9DD7427A,openml,6840,2536116,optimized,0.022081
15:47:04,9DD7427A,openml,6840,2536188,optimized,0.021763
15:47:04,9DD7427A,openml,6840,2536361,optimized,0.022211
15:47:04,9DD7427A,openml,6840,2537153,optimized,0.021523
15:47:04,9DD7427A,openml,6840,2537303,optimized,0.022073
15:47:04,9DD7427A,openml,6840,2537742,optimized,0.022012
15:47:04,9DD7427A,openml,6840,2537824,optimized,0.021893
15:47:04,9DD7427A,openml,6840,2537914,optimized,0.022149
15:47:04,9DD7427A,openml,6840,2537934,optimized,0.021955
15:47:04,9DD7427A,openml,6840,2537957,optimized,0.022834
15:47:04,9DD7427A,openml,6840,2538536,optimized,0.021693
15:47:04,9DD7427A,openml,6840,2539548,optimized,0.021592
15:47:04,9DD7427A,openml,6840,2540153,optimized,0.02156
15:47:04,9DD7427A,openml,6840,2540668,optimized,0.021961
15:47:04,9DD7427A,openml,6840,2541002,optimized,0.022046
15:47:04,9DD7427A,openml,6840,2541070,optimized,0.02187
15:47:04,9DD7427A,openml,6840,2541251,optimized,0.021835
15:47:04,9DD7427A,openml,6840,2541323,optimized,0.021937
15:47:04,9DD7427A,openml,6840,2542271,optimized,0.021538
15:47:04,9DD7427A,openml,6840,2543356,optimized,0.021491
15:47:04,9DD7427A,openml,6840,2543369,optimized,0.021532
15:47:04,9DD7427A,openml,6840,2544265,optimized,0.02175
15:47:04,9DD7427A,openml,6840,2544358,optimized,0.022084
15:47:04,9DD7427A,openml,6840,2544359,optimized,0.022767
15:47:04,9DD7427A,openml,6840,2544362,optimized,0.022302
15:47:04,9DD7427A,openml,6840,2544905,optimized,0.021788
15:47:04,9DD7427A,openml,6840,2544947,optimized,0.022082
15:47:04,9DD7427A,openml,6840,2545527,optimized,0.021658
15:47:04,9DD7427A,openml,6840,2545607,optimized,0.022499
15:47:04,9DD7427A,openml,6840,2546656,optimized,0.021662
15:47:04,9DD7427A,openml,6840,2546797,optimized,0.021551
15:47:04,9DD7427A,openml,6840,2547448,optimized,0.021567
15:47:04,9DD7427A,openml,6840,2547451,optimized,0.021467
15:47:04,9DD7427A,openml,6840,2547508,optimized,0.02193
15:47:04,9DD7427A,openml,6840,2547521,optimized,0.021741
15:47:04,9DD7427A,openml,6840,2548682,optimized,0.022081
15:47:04,9DD7427A,openml,6958,2597428,optimized,0.050458
15:47:04,9DD7427A,openml,6954,2605035,optimized,0.446224
15:47:04,9DD7427A,openml,6954,2605812,optimized,0.226617
15:47:04,9DD7427A,openml,6954,2618392,optimized,0.51785
15:47:04,9DD7427A,openml,6954,2627110,optimized,0.206871
15:47:04,9DD7427A,openml,6954,2642150,optimized,13.272153
15:47:04,9DD7427A,openml,6954,2728741,optimized,0.413681
15:47:04,9DD7427A,openml,6954,2728831,optimized,0.207336
15:47:04,9DD7427A,openml,6946,2746051,optimized,0.064097
15:47:04,9DD7427A,openml,6946,2762160,optimized,0.047041
15:47:04,9DD7427A,openml,6970,2817851,optimized,0.883739
15:47:04,9DD7427A,openml,6970,2818113,optimized,0.58037
15:47:04,9DD7427A,openml,6970,2818587,optimized,0.621263
15:47:04,9DD7427A,openml,6970,2822527,optimized,0.509135
15:47:04,9DD7427A,openml,6970,2823944,optimized,0.773454
15:47:04,9DD7427A,openml,6970,2830716,optimized,0.118655
15:47:04,9DD7427A,openml,6970,2832487,optimized,0.708048
15:47:04,9DD7427A,openml,6970,2832574,optimized,0.219361
15:47:04,9DD7427A,openml,6970,2836940,optimized,0.163063
15:47:04,9DD7427A,openml,6970,2837962,optimized,0.247076
15:47:04,9DD7427A,openml,6970,2841281,optimized,0.598175
15:47:04,9DD7427A,openml,6970,2846258,optimized,0.739875
15:47:04,9DD7427A,openml,6970,2847467,optimized,0.807929
15:47:04,9DD7427A,openml,6970,2847654,optimized,0.666908
15:47:04,9DD7427A,openml,6970,2848547,optimized,0.7751
15:47:04,9DD7427A,openml,6970,2851769,optimized,0.136417
15:47:04,9DD7427A,openml,6970,2855087,optimized,0.298567
15:47:04,9DD7427A,openml,6970,2857300,optimized,0.32178
15:47:04,9DD7427A,openml,6970,2859050,optimized,0.663863
15:47:04,9DD7427A,openml,6970,2864699,optimized,0.488454
15:47:04,9DD7427A,openml,6970,2866195,optimized,0.757311
15:47:04,9DD7427A,openml,6970,2872397,optimized,0.196277
15:47:04,9DD7427A,openml,6970,2872969,optimized,0.153747
15:47:04,9DD7427A,openml,6970,2877650,optimized,0.687284
15:47:04,9DD7427A,openml,6970,2883242,optimized,0.242574
15:47:04,9DD7427A,openml,6970,2884186,optimized,0.104741
15:47:04,9DD7427A,openml,6970,2888738,optimized,0.083388
15:47:04,9DD7427A,openml,6970,2888889,optimized,0.259753
15:47:04,9DD7427A,openml,6970,2890718,optimized,0.618585
15:47:04,9DD7427A,openml,6970,2894893,optimized,0.118631
15:47:04,9DD7427A,openml,6970,2895619,optimized,0.231411
15:47:04,9DD7427A,openml,6970,2901345,optimized,0.792426
15:47:04,9DD7427A,openml,6970,2903344,optimized,0.220192
15:47:04,9DD7427A,openml,6970,2904598,optimized,0.13697
15:47:04,9DD7427A,openml,6970,2909104,optimized,0.570992
15:47:04,9DD7427A,openml,6970,2910431,optimized,0.178196
15:47:04,9DD7427A,openml,6970,2914674,optimized,0.678011
15:47:04,9DD7427A,openml,6970,2917219,optimized,0.200954
15:47:04,9DD7427A,openml,6970,2918967,optimized,0.446803
15:47:04,9DD7427A,openml,6970,2921614,optimized,0.868623
15:47:04,9DD7427A,openml,6970,2925190,optimized,0.193666
15:47:04,9DD7427A,openml,6970,2927414,optimized,0.862521
15:47:04,9DD7427A,openml,6970,2928381,optimized,0.710323
15:47:04,9DD7427A,openml,6970,2939266,optimized,0.488102
15:47:04,9DD7427A,openml,6970,2939306,optimized,0.301359
15:47:04,9DD7427A,openml,6970,2940546,optimized,0.415326
15:47:04,9DD7427A,openml,6970,2941893,optimized,0.369593
15:47:04,9DD7427A,openml,6970,2946221,optimized,0.22989
15:47:04,9DD7427A,openml,6970,2950700,optimized,0.170717
15:47:04,9DD7427A,openml,6970,2955536,optimized,0.164315
15:47:04,9DD7427A,openml,6970,2956151,optimized,0.607952
15:47:04,9DD7427A,openml,6970,2956245,optimized,0.334823
15:47:04,9DD7427A,openml,6970,2960526,optimized,0.140293
15:47:04,9DD7427A,openml,6970,2964848,optimized,0.70056
15:47:04,9DD7427A,openml,6970,2968912,optimized,0.211795
15:47:04,9DD7427A,openml,6970,2972917,optimized,0.254958
15:47:04,9DD7427A,openml,6970,2974586,optimized,0.120533
15:47:04,9DD7427A,openml,6970,2975565,optimized,0.854049
15:47:04,9DD7427A,openml,6970,2977881,optimized,0.695936
15:47:04,9DD7427A,openml,6970,2980562,optimized,0.286483
15:47:04,9DD7427A,openml,6970,2983648,optimized,0.101758
15:47:04,9DD7427A,openml,6970,2985505,optimized,0.178891
15:47:04,9DD7427A,openml,6970,2989985,optimized,0.293562
15:47:04,9DD7427A,openml,6970,2992782,optimized,0.773559
15:47:04,9DD7427A,openml,6970,2998887,optimized,0.288629
15:47:04,9DD7427A,openml,6970,3000143,optimized,0.733698
15:47:04,9DD7427A,openml,6970,3001590,optimized,0.108385
15:47:04,9DD7427A,openml,6970,3005650,optimized,0.618796
15:47:04,9DD7427A,openml,6970,3008186,optimized,0.339894
15:47:04,9DD7427A,openml,6970,3010907,optimized,0.404948
15:47:04,9DD7427A,openml,6970,3013507,optimized,0.132588
15:47:04,9DD7427A,openml,6970,3014668,optimized,0.195917
15:47:04,9DD7427A,openml,6970,3019444,optimized,0.559955
15:47:04,9DD7427A,openml,6970,3022497,optimized,0.372536
15:47:04,9DD7427A,openml,6970,3024053,optimized,0.431525
15:47:04,9DD7427A,openml,6970,3025569,optimized,0.254518
15:47:04,9DD7427A,openml,6970,3030665,optimized,0.258334
15:47:04,9DD7427A,openml,6970,3031155,optimized,0.151797
15:47:04,9DD7427A,openml,6970,3032407,optimized,0.301497
15:47:04,9DD7427A,openml,6969,3717412,optimized,0.379373
15:47:04,9DD7427A,openml,6969,3717421,optimized,0.421575
15:47:04,9DD7427A,openml,6969,3717678,optimized,0.297108
15:47:04,9DD7427A,openml,6969,3717735,optimized,0.347337
15:47:04,9DD7427A,openml,6969,3717891,optimized,0.34528
15:47:04,9DD7427A,openml,6969,3717960,optimized,0.368532
15:47:04,9DD7427A,openml,6969,3717962,optimized,0.269663
15:47:04,9DD7427A,openml,6969,3718384,optimized,0.506589
15:47:04,9DD7427A,openml,6969,3718441,optimized,0.509265
15:47:04,9DD7427A,openml,6969,3718508,optimized,0.230224
15:47:04,9DD7427A,openml,6969,3718787,optimized,0.350495
15:47:04,9DD7427A,openml,6969,3718898,optimized,0.389473
15:47:04,9DD7427A,openml,6969,3719092,optimized,0.391495
15:47:04,9DD7427A,openml,6969,3719127,optimized,0.273443
15:47:04,9DD7427A,openml,6969,3719128,optimized,0.27142
15:47:04,9DD7427A,openml,6969,3719177,optimized,0.377498
15:47:04,9DD7427A,openml,6969,3719198,optimized,0.332355
15:47:04,9DD7427A,openml,6969,3719240,optimized,0.293328
15:47:04,9DD7427A,openml,6969,3719500,optimized,0.426976
15:47:04,9DD7427A,openml,6969,3719533,optimized,0.305996
15:47:04,9DD7427A,openml,6969,3719757,optimized,0.247367
15:47:04,9DD7427A,openml,6969,3719789,optimized,0.454923
15:47:04,9DD7427A,openml,6969,3719913,optimized,0.332767
15:47:04,9DD7427A,openml,6969,3720095,optimized,0.408256
15:47:04,9DD7427A,openml,6969,3720256,optimized,0.337543
15:47:04,9DD7427A,openml,6969,3720329,optimized,0.466614
15:47:04,9DD7427A,openml,6969,3720428,optimized,0.434002
15:47:04,9DD7427A,openml,6969,3720456,optimized,0.510494
15:47:04,9DD7427A,openml,6969,3720582,optimized,0.411105
15:47:04,9DD7427A,openml,6969,3720586,optimized,0.321659
15:47:04,9DD7427A,openml,6969,3720640,optimized,0.223397
15:47:04,9DD7427A,openml,6969,3720641,optimized,0.442623
15:47:04,9DD7427A,openml,6969,3720826,optimized,0.510575
15:47:04,9DD7427A,openml,6969,3721005,optimized,0.42281
15:52:31,2F276E3D,openml,5804,36487,baseline,1.582493
15:52:31,2F276E3D,openml,5909,36567,baseline,3.281115
15:52:31,2F276E3D,openml,5910,36868,baseline,1.746398
15:52:31,2F276E3D,openml,5913,43851,baseline,3.430784
15:52:31,2F276E3D,openml,5914,44102,baseline,20.358593
15:52:31,2F276E3D,openml,5909,47569,baseline,3.430977
15:52:31,2F276E3D,openml,5909,47570,baseline,3.369805
15:52:31,2F276E3D,openml,5909,47571,baseline,3.328427
15:52:31,2F276E3D,openml,5909,47572,baseline,3.295201
15:52:31,2F276E3D,openml,5909,47573,baseline,3.45283
15:52:31,2F276E3D,openml,5909,47574,baseline,3.452351
15:52:31,2F276E3D,openml,5909,47575,baseline,3.238404
15:52:31,2F276E3D,openml,5909,47576,baseline,3.301736
15:52:31,2F276E3D,openml,6269,182594,baseline,0.55408
15:52:31,2F276E3D,openml,6268,184535,baseline,2.305004
15:52:31,2F276E3D,openml,6268,215937,baseline,2.172549
15:52:31,2F276E3D,openml,6268,215938,baseline,2.110514
15:52:31,2F276E3D,openml,5804,216560,baseline,0.621349
15:52:31,2F276E3D,openml,5804,216646,baseline,3.304574
15:52:31,2F276E3D,openml,5804,216682,baseline,4.42554
15:52:31,2F276E3D,openml,5804,216692,baseline,4.705457
15:52:31,2F276E3D,openml,5804,216704,baseline,3.200432
15:52:31,2F276E3D,openml,5804,216706,baseline,3.534187
15:52:31,2F276E3D,openml,5804,216707,baseline,5.338998
15:52:31,2F276E3D,openml,5804,216707,baseline,5.337767
15:52:31,2F276E3D,openml,5804,216708,baseline,3.178153
15:52:31,2F276E3D,openml,5804,216709,baseline,3.624626
15:52:31,2F276E3D,openml,5804,216710,baseline,5.442011
15:52:31,2F276E3D,openml,5804,216721,baseline,3.519893
15:52:31,2F276E3D,openml,5804,216722,baseline,2.854721
15:52:31,2F276E3D,openml,5995,216723,baseline,11.988277
15:52:31,2F276E3D,openml,5804,216724,baseline,7.671046
15:52:31,2F276E3D,openml,5804,217072,baseline,3.634165
15:52:31,2F276E3D,openml,5804,217116,baseline,3.401459
15:52:31,2F276E3D,openml,5804,220204,baseline,3.600289
15:52:31,2F276E3D,openml,6334,298327,baseline,0.144289
15:52:31,2F276E3D,openml,6840,1844809,baseline,0.039958
15:52:31,2F276E3D,openml,6840,1846935,baseline,0.039176
15:52:31,2F276E3D,openml,6840,1846979,baseline,0.033953
15:52:31,2F276E3D,openml,6840,1847182,baseline,0.036077
15:52:31,2F276E3D,openml,6840,1849492,baseline,0.035006
15:52:31,2F276E3D,openml,6840,1852280,baseline,0.039243
15:52:31,2F276E3D,openml,6840,1867697,baseline,0.038551
15:52:31,2F276E3D,openml,6840,1868005,baseline,0.033281
15:52:31,2F276E3D,openml,6840,1868135,baseline,0.038184
15:52:31,2F276E3D,openml,6840,1868388,baseline,0.033416
15:52:31,2F276E3D,openml,6840,1868606,baseline,0.038401
15:52:31,2F276E3D,openml,6840,1868916,baseline,0.034128
15:52:31,2F276E3D,openml,6840,1868942,baseline,0.033322
15:52:31,2F276E3D,openml,6840,1869641,baseline,0.035151
15:52:31,2F276E3D,openml,6840,1870010,baseline,0.035489
15:52:31,2F276E3D,openml,6840,1870505,baseline,0.03699
15:52:31,2F276E3D,openml,6840,1870758,baseline,0.03631
15:52:31,2F276E3D,openml,6840,1873562,baseline,0.035978
15:52:31,2F276E3D,openml,6840,1874550,baseline,0.035808
15:52:31,2F276E3D,openml,6840,1875280,baseline,0.033581
15:52:31,2F276E3D,openml,6840,1878141,baseline,0.034785
15:52:31,2F276E3D,openml,6840,1883629,baseline,0.033774
15:52:31,2F276E3D,openml,6840,1883715,baseline,0.03372
15:52:31,2F276E3D,openml,6840,1884130,baseline,0.033568
15:52:31,2F276E3D,openml,6840,1885239,baseline,0.03529
15:52:31,2F276E3D,openml,6840,1885560,baseline,0.03396
15:52:31,2F276E3D,openml,6840,1885569,baseline,0.033513
15:52:31,2F276E3D,openml,6840,1885962,baseline,0.038104
15:52:31,2F276E3D,openml,6840,1886032,baseline,0.034852
15:52:31,2F276E3D,openml,6840,1886747,baseline,0.035197
15:52:31,2F276E3D,openml,6840,1887925,baseline,0.035351
15:52:31,2F276E3D,openml,6840,1888486,baseline,0.037809
15:52:31,2F276E3D,openml,6840,1889505,baseline,0.039339
15:52:31,2F276E3D,openml,6840,1890523,baseline,0.033125
15:52:31,2F276E3D,openml,6840,1890623,baseline,0.038998
15:52:31,2F276E3D,openml,6840,1890676,baseline,0.033173
15:52:31,2F276E3D,openml,6840,1890809,baseline,0.038568
15:52:31,2F276E3D,openml,6840,1890929,baseline,0.033806
15:52:31,2F276E3D,openml,6840,1891139,baseline,0.037739
15:52:31,2F276E3D,openml,6840,1891730,baseline,0.034826
15:52:31,2F276E3D,openml,6840,1891736,baseline,0.034273
15:52:31,2F276E3D,openml,6840,1893096,baseline,0.034731
15:52:31,2F276E3D,openml,6840,1895371,baseline,0.035192
15:52:31,2F276E3D,openml,6840,1897009,baseline,0.0332
15:52:31,2F276E3D,openml,6840,1897209,baseline,0.037568
15:52:31,2F276E3D,openml,6840,1897596,baseline,0.038585
15:52:31,2F276E3D,openml,6840,1899021,baseline,0.035478
15:52:31,2F276E3D,openml,6840,1899026,baseline,0.038765
15:52:31,2F276E3D,openml,6840,1899413,baseline,0.032898
15:52:31,2F276E3D,openml,6840,1900647,baseline,0.033815
15:52:31,2F276E3D,openml,6840,1900736,baseline,0.033015
15:52:31,2F276E3D,openml,6840,1909396,baseline,0.038614
15:52:31,2F276E3D,openml,6840,1909740,baseline,0.033125
15:52:31,2F276E3D,openml,6840,1910907,baseline,0.035622
15:52:31,2F276E3D,openml,6840,1914320,baseline,0.038672
15:52:31,2F276E3D,openml,6840,1914513,baseline,0.033417
15:52:31,2F276E3D,openml,6840,1915082,baseline,0.039077
15:52:31,2F276E3D,openml,6840,1915312,baseline,0.03338
15:52:31,2F276E3D,openml,6840,2003815,baseline,0.03606
15:52:31,2F276E3D,openml,6840,2004385,baseline,0.035523
15:52:31,2F276E3D,openml,6840,2005862,baseline,0.037444
15:52:31,2F276E3D,openml,6840,2007754,baseline,0.037893
15:52:31,2F276E3D,openml,6840,2008645,baseline,0.033272
15:52:31,2F276E3D,openml,6840,2009132,baseline,0.033206
15:52:31,2F276E3D,openml,6840,2009486,baseline,0.033671
15:52:31,2F276E3D,openml,6840,2009612,baseline,0.0385
15:52:31,2F276E3D,openml,6840,2009881,baseline,0.034728
15:52:31,2F276E3D,openml,6840,2011406,baseline,0.033213
15:52:31,2F276E3D,openml,6840,2014063,baseline,0.033559
15:52:31,2F276E3D,openml,6840,2014154,baseline,0.038045
15:52:31,2F276E3D,openml,6840,2014820,baseline,0.035261
15:52:31,2F276E3D,openml,6840,2016788,baseline,0.035728
15:52:31,2F276E3D,openml,6840,2016799,baseline,0.035833
15:52:31,2F276E3D,openml,6840,2016875,baseline,0.038045
15:52:31,2F276E3D,openml,6840,2016927,baseline,0.035098
15:52:31,2F276E3D,openml,6840,2018301,baseline,0.037569
15:52:31,2F276E3D,openml,6840,2019896,baseline,0.038052
15:52:31,2F276E3D,openml,6840,2020830,baseline,0.03355
15:52:31,2F276E3D,openml,6840,2022155,baseline,0.033373
15:52:31,2F276E3D,openml,6840,2023109,baseline,0.038625
15:52:31,2F276E3D,openml,6840,2023812,baseline,0.037651
15:52:31,2F276E3D,openml,6840,2024409,baseline,0.037963
15:52:31,2F276E3D,openml,6840,2024779,baseline,0.037678
15:52:31,2F276E3D,openml,6840,2025698,baseline,0.035944
15:52:31,2F276E3D,openml,6840,2025826,baseline,0.037965
15:52:31,2F276E3D,openml,6840,2027877,baseline,0.038762
15:52:31,2F276E3D,openml,6840,2028414,baseline,0.037714
15:52:31,2F276E3D,openml,6840,2028432,baseline,0.038492
15:52:31,2F276E3D,openml,6840,2029915,baseline,0.033427
15:52:31,2F276E3D,openml,6840,2030442,baseline,0.035802
15:52:31,2F276E3D,openml,6840,2030450,baseline,0.035231
15:52:31,2F276E3D,openml,6840,2031165,baseline,0.034674
15:52:31,2F276E3D,openml,6840,2031278,baseline,0.034314
15:52:31,2F276E3D,openml,6840,2031395,baseline,0.038535
15:52:31,2F276E3D,openml,6840,2031402,baseline,0.037809
15:52:31,2F276E3D,openml,6840,2031569,baseline,0.034821
15:52:31,2F276E3D,openml,6840,2032497,baseline,0.034383
15:52:31,2F276E3D,openml,6840,2033564,baseline,0.038448
15:52:31,2F276E3D,openml,6840,2034884,baseline,0.037876
15:52:31,2F276E3D,openml,6840,2035473,baseline,0.034717
15:52:31,2F276E3D,openml,6840,2035623,baseline,0.035041
15:52:31,2F276E3D,openml,6840,2036364,baseline,0.038351
15:52:31,2F276E3D,openml,6840,2037267,baseline,0.033416
15:52:31,2F276E3D,openml,6840,2037436,baseline,0.035629
15:52:31,2F276E3D,openml,6840,2037958,baseline,0.035106
15:52:31,2F276E3D,openml,6840,2040067,baseline,0.032789
15:52:31,2F276E3D,openml,6840,2040976,baseline,0.037735
15:52:31,2F276E3D,openml,6840,2041466,baseline,0.032832
15:52:31,2F276E3D,openml,6840,2042180,baseline,0.038828
15:52:31,2F276E3D,openml,6840,2042330,baseline,0.038532
15:52:31,2F276E3D,openml,6840,2043290,baseline,0.034776
15:52:31,2F276E3D,openml,6840,2045194,baseline,0.038196
15:52:31,2F276E3D,openml,6840,2045412,baseline,0.034672
15:52:31,2F276E3D,openml,6840,2046354,baseline,0.035494
15:52:31,2F276E3D,openml,6840,2048899,baseline,0.03848
15:52:31,2F276E3D,openml,6840,2051605,baseline,0.041661
15:52:31,2F276E3D,openml,6840,2051992,baseline,0.036016
15:52:31,2F276E3D,openml,6840,2053979,baseline,0.039315
15:52:31,2F276E3D,openml,6840,2056968,baseline,0.033886
15:52:31,2F276E3D,openml,6840,2057088,baseline,0.035084
15:52:31,2F276E3D,openml,6840,2058244,baseline,0.03844
15:52:31,2F276E3D,openml,6840,2058504,baseline,0.038588
15:52:31,2F276E3D,openml,6840,2061119,baseline,0.03781
15:52:31,2F276E3D,openml,6840,2061179,baseline,0.033321
15:52:31,2F276E3D,openml,6840,2061374,baseline,0.038385
15:52:31,2F276E3D,openml,6840,2063598,baseline,0.037735
15:52:31,2F276E3D,openml,6840,2064257,baseline,0.038221
15:52:31,2F276E3D,openml,6840,2064483,baseline,0.035216
15:52:31,2F276E3D,openml,6840,2064743,baseline,0.032565
15:52:31,2F276E3D,openml,6840,2065036,baseline,0.035464
15:52:31,2F276E3D,openml,6840,2067330,baseline,0.034614
15:52:31,2F276E3D,openml,6840,2068814,baseline,0.038273
15:52:31,2F276E3D,openml,6840,2069481,baseline,0.03449
15:52:31,2F276E3D,openml,6840,2070531,baseline,0.038823
15:52:31,2F276E3D,openml,6840,2070971,baseline,0.034432
15:52:31,2F276E3D,openml,6840,2072798,baseline,0.03347
15:52:31,2F276E3D,openml,6840,2074862,baseline,0.032944
15:52:31,2F276E3D,openml,6840,2076252,baseline,0.03291
15:52:31,2F276E3D,openml,6840,2078341,baseline,0.033714
15:52:31,2F276E3D,openml,6840,2078664,baseline,0.034103
15:52:31,2F276E3D,openml,6840,2081962,baseline,0.037691
15:52:31,2F276E3D,openml,6840,2081966,baseline,0.034065
15:52:31,2F276E3D,openml,6840,2082006,baseline,0.033685
15:52:31,2F276E3D,openml,6840,2083021,baseline,0.038569
15:52:31,2F276E3D,openml,6840,2083516,baseline,0.035931
15:52:31,2F276E3D,openml,6840,2086503,baseline,0.034459
15:52:31,2F276E3D,openml,6840,2088600,baseline,0.03358
15:52:31,2F276E3D,openml,6840,2088667,baseline,0.033384
15:52:31,2F276E3D,openml,6840,2088799,baseline,0.03883
15:52:31,2F276E3D,openml,6840,2089721,baseline,0.037712
15:52:31,2F276E3D,openml,6840,2089944,baseline,0.0338
15:52:31,2F276E3D,openml,6840,2090890,baseline,0.033357
15:52:31,2F276E3D,openml,6840,2093700,baseline,0.038367
15:52:31,2F276E3D,openml,6840,2094623,baseline,0.038435
15:52:31,2F276E3D,openml,6840,2094784,baseline,0.038183
15:52:31,2F276E3D,openml,6840,2097218,baseline,0.035018
15:52:31,2F276E3D,openml,6840,2098799,baseline,0.032419
15:52:31,2F276E3D,openml,6840,2100573,baseline,0.037456
15:52:31,2F276E3D,openml,6840,2105544,baseline,0.037058
15:52:31,2F276E3D,openml,6840,2106602,baseline,0.032773
15:52:31,2F276E3D,openml,6840,2109921,baseline,0.038008
15:52:31,2F276E3D,openml,6840,2110817,baseline,0.034967
15:52:31,2F276E3D,openml,6840,2110933,baseline,0.03327
15:52:31,2F276E3D,openml,6840,2112642,baseline,0.038404
15:52:31,2F276E3D,openml,6840,2113001,baseline,0.038219
15:52:31,2F276E3D,openml,6840,2113306,baseline,0.032546
15:52:31,2F276E3D,openml,6840,2113549,baseline,0.037527
15:52:31,2F276E3D,openml,6840,2113751,baseline,0.03521
15:52:31,2F276E3D,openml,6840,2114009,baseline,0.032536
15:52:31,2F276E3D,openml,6840,2114502,baseline,0.034259
15:52:31,2F276E3D,openml,6840,2114561,baseline,0.037339
15:52:31,2F276E3D,openml,6840,2115329,baseline,0.033477
15:52:31,2F276E3D,openml,6840,2117562,baseline,0.035657
15:52:31,2F276E3D,openml,6840,2118672,baseline,0.033364
15:52:31,2F276E3D,openml,6840,2120558,baseline,0.034752
15:52:31,2F276E3D,openml,6840,2121109,baseline,0.03825
15:52:31,2F276E3D,openml,6840,2124369,baseline,0.034771
15:52:31,2F276E3D,openml,6840,2124376,baseline,0.032838
15:52:31,2F276E3D,openml,6840,2125132,baseline,0.032815
15:52:31,2F276E3D,openml,6840,2132161,baseline,0.038006
15:52:31,2F276E3D,openml,6840,2132842,baseline,0.032718
15:52:31,2F276E3D,openml,6840,2132894,baseline,0.032713
15:52:31,2F276E3D,openml,6840,2132935,baseline,0.033452
15:52:31,2F276E3D,openml,6840,2133348,baseline,0.034508
15:52:31,2F276E3D,openml,6840,2135584,baseline,0.03399
15:52:31,2F276E3D,openml,6840,2136723,baseline,0.037664
15:52:31,2F276E3D,openml,6840,2137527,baseline,0.03497
15:52:31,2F276E3D,openml,6840,2138290,baseline,0.032803
15:52:31,2F276E3D,openml,6840,2138566,baseline,0.034254
15:52:31,2F276E3D,openml,6840,2141397,baseline,0.038748
15:52:31,2F276E3D,openml,6840,2141484,baseline,0.033452
15:52:31,2F276E3D,openml,6840,2141666,baseline,0.038172
15:52:31,2F276E3D,openml,6840,2143352,baseline,0.034345
15:52:31,2F276E3D,openml,6840,2143555,baseline,0.032819
15:52:31,2F276E3D,openml,6840,2143813,baseline,0.035374
15:52:31,2F276E3D,openml,6840,2145235,baseline,0.033759
15:52:31,2F276E3D,openml,6840,2145296,baseline,0.038148
15:52:31,2F276E3D,openml,6840,2145722,baseline,0.032527
15:52:31,2F276E3D,openml,6840,2148176,baseline,0.034383
15:52:31,2F276E3D,openml,6840,2148553,baseline,0.033168
15:52:31,2F276E3D,openml,6840,2148712,baseline,0.032485
15:52:31,2F276E3D,openml,6840,2149737,baseline,0.037315
15:52:31,2F276E3D,openml,6840,2151874,baseline,0.03251
15:52:31,2F276E3D,openml,6840,2153760,baseline,0.032831
15:52:31,2F276E3D,openml,6840,2154223,baseline,0.037389
15:52:31,2F276E3D,openml,6840,2154270,baseline,0.035162
15:52:31,2F276E3D,openml,6840,2154486,baseline,0.032679
15:52:31,2F276E3D,openml,6840,2155501,baseline,0.037446
15:52:31,2F276E3D,openml,6840,2155506,baseline,0.032322
15:52:31,2F276E3D,openml,6840,2155819,baseline,0.037291
15:52:31,2F276E3D,openml,6840,2156221,baseline,0.034821
15:52:31,2F276E3D,openml,6840,2157543,baseline,0.032793
15:52:31,2F276E3D,openml,6840,2159600,baseline,0.034941
15:52:31,2F276E3D,openml,6840,2159624,baseline,0.032569
15:52:31,2F276E3D,openml,6840,2159870,baseline,0.034036
15:52:31,2F276E3D,openml,6840,2160164,baseline,0.03511
15:52:31,2F276E3D,openml,6840,2160373,baseline,0.037755
15:52:31,2F276E3D,openml,6840,2162267,baseline,0.035062
15:52:31,2F276E3D,openml,6840,2162757,baseline,0.03412
15:52:31,2F276E3D,openml,6840,2163153,baseline,0.037898
15:52:31,2F276E3D,openml,6840,2163224,baseline,0.034352
15:52:31,2F276E3D,openml,6840,2163385,baseline,0.035275
15:52:31,2F276E3D,openml,6840,2165071,baseline,0.033472
15:52:31,2F276E3D,openml,6840,2165546,baseline,0.035311
15:52:31,2F276E3D,openml,6840,2166044,baseline,0.033935
15:52:31,2F276E3D,openml,6840,2167620,baseline,0.037703
15:52:31,2F276E3D,openml,6840,2168107,baseline,0.037538
15:52:31,2F276E3D,openml,6840,2168812,baseline,0.034859
15:52:31,2F276E3D,openml,6840,2171014,baseline,0.035431
15:52:31,2F276E3D,openml,6840,2171317,baseline,0.034574
15:52:31,2F276E3D,openml,6840,2171801,baseline,0.032676
15:52:31,2F276E3D,openml,6840,2171804,baseline,0.035613
15:52:31,2F276E3D,openml,6840,2173269,baseline,0.038574
15:52:31,2F276E3D,openml,6840,2173553,baseline,0.034526
15:52:31,2F276E3D,openml,6840,2174891,baseline,0.035294
15:52:31,2F276E3D,openml,6840,2175204,baseline,0.038978
15:52:31,2F276E3D,openml,6840,2175729,baseline,0.035094
15:52:31,2F276E3D,openml,6840,2176303,baseline,0.033521
15:52:31,2F276E3D,openml,6840,2176431,baseline,0.034446
15:52:31,2F276E3D,openml,6840,2177513,baseline,0.033723
15:52:31,2F276E3D,openml,6840,2179921,baseline,0.035375
15:52:31,2F276E3D,openml,6840,2180069,baseline,0.038514
15:52:31,2F276E3D,openml,6840,2180904,baseline,0.034418
15:52:31,2F276E3D,openml,6840,2181250,baseline,0.033656
15:52:31,2F276E3D,openml,6840,2182506,baseline,0.035361
15:52:31,2F276E3D,openml,6840,2182926,baseline,0.034757
15:52:31,2F276E3D,openml,6840,2184086,baseline,0.038165
15:52:31,2F276E3D,openml,6840,2184303,baseline,0.038083
15:52:31,2F276E3D,openml,6840,2189148,baseline,0.033383
15:52:31,2F276E3D,openml,6840,2189759,baseline,0.035708
15:52:31,2F276E3D,openml,6840,2190607,baseline,0.032949
15:52:31,2F276E3D,openml,6840,2190998,baseline,0.033627
15:52:31,2F276E3D,openml,6840,2191010,baseline,0.03377
15:52:31,2F276E3D,openml,6840,2192420,baseline,0.035014
15:52:31,2F276E3D,openml,6840,2192769,baseline,0.038427
15:52:31,2F276E3D,openml,6840,2193130,baseline,0.037893
15:52:31,2F276E3D,openml,6840,2193818,baseline,0.032864
15:52:31,2F276E3D,openml,6840,2193838,baseline,0.037824
15:52:31,2F276E3D,openml,6840,2193877,baseline,0.035082
15:52:31,2F276E3D,openml,6840,2194158,baseline,0.033735
15:52:31,2F276E3D,openml,6840,2195738,baseline,0.033657
15:52:31,2F276E3D,openml,6840,2199571,baseline,0.037579
15:52:31,2F276E3D,openml,6840,2206378,baseline,0.038284
15:52:31,2F276E3D,openml,6840,2207259,baseline,0.033203
15:52:31,2F276E3D,openml,6840,2207268,baseline,0.038266
15:52:31,2F276E3D,openml,6840,2208304,baseline,0.033756
15:52:31,2F276E3D,openml,6840,2209647,baseline,0.033563
15:52:31,2F276E3D,openml,6840,2210336,baseline,0.038566
15:52:31,2F276E3D,openml,6840,2210780,baseline,0.037403
15:52:31,2F276E3D,openml,6840,2212207,baseline,0.037684
15:52:31,2F276E3D,openml,6840,2213291,baseline,0.038807
15:52:31,2F276E3D,openml,6840,2214635,baseline,0.034434
15:52:31,2F276E3D,openml,6840,2217119,baseline,0.032829
15:52:31,2F276E3D,openml,6840,2222828,baseline,0.035349
15:52:31,2F276E3D,openml,6840,2222860,baseline,0.038178
15:52:31,2F276E3D,openml,6840,2223579,baseline,0.037801
15:52:31,2F276E3D,openml,6840,2223652,baseline,0.035222
15:52:31,2F276E3D,openml,6840,2223962,baseline,0.033688
15:52:31,2F276E3D,openml,6840,2226054,baseline,0.035137
15:52:31,2F276E3D,openml,6840,2227550,baseline,0.034791
15:52:31,2F276E3D,openml,6840,2227884,baseline,0.03874
15:52:31,2F276E3D,openml,6840,2228122,baseline,0.034913
15:52:31,2F276E3D,openml,6840,2230728,baseline,0.03752
15:52:31,2F276E3D,openml,6840,2525747,baseline,0.037741
15:52:31,2F276E3D,openml,6840,2525821,baseline,0.032506
15:52:31,2F276E3D,openml,6840,2527113,baseline,0.037144
15:52:31,2F276E3D,openml,6840,2527913,baseline,0.034113
15:52:31,2F276E3D,openml,6840,2527915,baseline,0.035671
15:52:31,2F276E3D,openml,6840,2528173,baseline,0.034539
15:52:31,2F276E3D,openml,6840,2528279,baseline,0.03769
15:52:31,2F276E3D,openml,6840,2528367,baseline,0.038465
15:52:31,2F276E3D,openml,6840,2528724,baseline,0.034178
15:52:31,2F276E3D,openml,6840,2529715,baseline,0.03459
15:52:31,2F276E3D,openml,6840,2530029,baseline,0.038159
15:52:31,2F276E3D,openml,6840,2530646,baseline,0.038427
15:52:31,2F276E3D,openml,6840,2531639,baseline,0.03298
15:52:31,2F276E3D,openml,6840,2532048,baseline,0.032848
15:52:31,2F276E3D,openml,6840,2532320,baseline,0.03789
15:52:31,2F276E3D,openml,6840,2532342,baseline,0.03839
15:52:31,2F276E3D,openml,6840,2532686,baseline,0.037564
15:52:31,2F276E3D,openml,6840,2534320,baseline,0.035693
15:52:31,2F276E3D,openml,6840,2534337,baseline,0.038115
15:52:31,2F276E3D,openml,6840,2534694,baseline,0.035163
15:52:31,2F276E3D,openml,6840,2535705,baseline,0.033086
15:52:31,2F276E3D,openml,6840,2536022,baseline,0.03556
15:52:31,2F276E3D,openml,6840,2536116,baseline,0.034384
15:52:31,2F276E3D,openml,6840,2536188,baseline,0.034722
15:52:31,2F276E3D,openml,6840,2536361,baseline,0.035645
15:52:31,2F276E3D,openml,6840,2537153,baseline,0.035006
15:52:31,2F276E3D,openml,6840,2537303,baseline,0.035757
15:52:31,2F276E3D,openml,6840,2537742,baseline,0.038539
15:52:31,2F276E3D,openml,6840,2537824,baseline,0.037916
15:52:31,2F276E3D,openml,6840,2537914,baseline,0.033363
15:52:31,2F276E3D,openml,6840,2537934,baseline,0.109698
15:52:31,2F276E3D,openml,6840,2537957,baseline,0.038018
15:52:31,2F276E3D,openml,6840,2538536,baseline,0.032662
15:52:31,2F276E3D,openml,6840,2539548,baseline,0.033134
15:52:31,2F276E3D,openml,6840,2540153,baseline,0.038274
15:52:31,2F276E3D,openml,6840,2540668,baseline,0.035868
15:52:31,2F276E3D,openml,6840,2541002,baseline,0.034795
15:52:31,2F276E3D,openml,6840,2541070,baseline,0.03326
15:52:31,2F276E3D,openml,6840,2541251,baseline,0.035192
15:52:31,2F276E3D,openml,6840,2541323,baseline,0.03305
15:52:31,2F276E3D,openml,6840,2542271,baseline,0.034127
15:52:31,2F276E3D,openml,6840,2543356,baseline,0.034112
15:52:31,2F276E3D,openml,6840,2543369,baseline,0.037517
15:52:31,2F276E3D,openml,6840,2544265,baseline,0.037587
15:52:31,2F276E3D,openml,6840,2544358,baseline,0.033571
15:52:31,2F276E3D,openml,6840,2544359,baseline,0.035195
15:52:31,2F276E3D,openml,6840,2544362,baseline,0.035397
15:52:31,2F276E3D,openml,6840,2544905,baseline,0.032761
15:52:31,2F276E3D,openml,6840,2544947,baseline,0.035248
15:52:31,2F276E3D,openml,6840,2545527,baseline,0.034639
15:52:31,2F276E3D,openml,6840,2545607,baseline,0.033958
15:52:31,2F276E3D,openml,6840,2546656,baseline,0.037973
15:52:31,2F276E3D,openml,6840,2546797,baseline,0.034748
15:52:31,2F276E3D,openml,6840,2547448,baseline,0.037516
15:52:31,2F276E3D,openml,6840,2547451,baseline,0.037675
15:52:31,2F276E3D,openml,6840,2547508,baseline,0.033938
15:52:31,2F276E3D,openml,6840,2547521,baseline,0.034289
15:52:31,2F276E3D,openml,6840,2548682,baseline,0.033338
15:52:31,2F276E3D,openml,6958,2597428,baseline,0.059528
15:52:31,2F276E3D,openml,6954,2605035,baseline,0.827426
15:52:31,2F276E3D,openml,6954,2605812,baseline,0.387839
15:52:31,2F276E3D,openml,6954,2618392,baseline,0.810009
15:52:31,2F276E3D,openml,6954,2627110,baseline,0.394217
15:52:31,2F276E3D,openml,6954,2642150,baseline,26.439422
15:52:31,2F276E3D,openml,6954,2728741,baseline,0.794969
15:52:31,2F276E3D,openml,6954,2728831,baseline,0.39064
15:52:31,2F276E3D,openml,6946,2746051,baseline,0.066908
15:52:31,2F276E3D,openml,6946,2762160,baseline,0.066053
15:52:31,2F276E3D,openml,6970,2817851,baseline,1.614079
15:52:31,2F276E3D,openml,6970,2818113,baseline,1.070128
15:52:31,2F276E3D,openml,6970,2818587,baseline,1.167419
15:52:31,2F276E3D,openml,6970,2822527,baseline,0.947601
15:52:31,2F276E3D,openml,6970,2823944,baseline,1.456017
15:52:31,2F276E3D,openml,6970,2830716,baseline,0.194835
15:52:31,2F276E3D,openml,6970,2832487,baseline,1.392498
15:52:31,2F276E3D,openml,6970,2832574,baseline,0.389245
15:52:31,2F276E3D,openml,6970,2836940,baseline,0.277996
15:52:31,2F276E3D,openml,6970,2837962,baseline,0.407054
15:52:31,2F276E3D,openml,6970,2841281,baseline,1.109535
15:52:31,2F276E3D,openml,6970,2846258,baseline,1.390661
15:52:31,2F276E3D,openml,6970,2847467,baseline,1.520413
15:52:31,2F276E3D,openml,6970,2847654,baseline,1.232259
15:52:31,2F276E3D,openml,6970,2848547,baseline,1.458858
15:52:31,2F276E3D,openml,6970,2851769,baseline,0.229193
15:52:31,2F276E3D,openml,6970,2855087,baseline,0.586105
15:52:31,2F276E3D,openml,6970,2857300,baseline,0.589872
15:52:31,2F276E3D,openml,6970,2859050,baseline,1.251042
15:52:31,2F276E3D,openml,6970,2864699,baseline,0.910406
15:52:31,2F276E3D,openml,6970,2866195,baseline,1.413836
15:52:31,2F276E3D,openml,6970,2872397,baseline,0.344552
15:52:31,2F276E3D,openml,6970,2872969,baseline,0.26359
15:52:31,2F276E3D,openml,6970,2877650,baseline,1.295516
15:52:31,2F276E3D,openml,6970,2883242,baseline,0.428664
15:52:31,2F276E3D,openml,6970,2884186,baseline,0.169299
15:52:31,2F276E3D,openml,6970,2888738,baseline,0.134371
15:52:31,2F276E3D,openml,6970,2888889,baseline,0.458618
15:52:31,2F276E3D,openml,6970,2890718,baseline,0.952531
15:52:31,2F276E3D,openml,6970,2894893,baseline,0.195575
15:52:31,2F276E3D,openml,6970,2895619,baseline,0.411706
15:52:31,2F276E3D,openml,6970,2901345,baseline,1.548489
15:52:31,2F276E3D,openml,6970,2903344,baseline,0.387065
15:52:31,2F276E3D,openml,6970,2904598,baseline,0.233902
15:52:31,2F276E3D,openml,6970,2909104,baseline,1.067514
15:52:31,2F276E3D,openml,6970,2910431,baseline,0.310972
15:52:31,2F276E3D,openml,6970,2914674,baseline,1.269226
15:52:31,2F276E3D,openml,6970,2917219,baseline,0.353432
15:52:31,2F276E3D,openml,6970,2918967,baseline,0.816088
15:52:31,2F276E3D,openml,6970,2921614,baseline,1.625694
15:52:31,2F276E3D,openml,6970,2925190,baseline,0.334915
15:52:31,2F276E3D,openml,6970,2927414,baseline,1.621289
15:52:31,2F276E3D,openml,6970,2928381,baseline,1.3838
15:52:31,2F276E3D,openml,6970,2939266,baseline,0.888631
15:52:31,2F276E3D,openml,6970,2939306,baseline,0.54781
15:52:31,2F276E3D,openml,6970,2940546,baseline,0.765085
15:52:31,2F276E3D,openml,6970,2941893,baseline,0.676626
15:52:31,2F276E3D,openml,6970,2946221,baseline,0.407079
15:52:31,2F276E3D,openml,6970,2950700,baseline,0.298695
15:52:31,2F276E3D,openml,6970,2955536,baseline,0.285352
15:52:31,2F276E3D,openml,6970,2956151,baseline,0.945464
15:52:31,2F276E3D,openml,6970,2956245,baseline,0.602713
15:52:31,2F276E3D,openml,6970,2960526,baseline,0.238252
15:52:31,2F276E3D,openml,6970,2964848,baseline,1.313654
15:52:31,2F276E3D,openml,6970,2968912,baseline,0.382485
15:52:31,2F276E3D,openml,6970,2972917,baseline,0.451223
15:52:31,2F276E3D,openml,6970,2974586,baseline,0.200047
15:52:31,2F276E3D,openml,6970,2975565,baseline,1.66478
15:52:31,2F276E3D,openml,6970,2977881,baseline,1.297327
15:52:31,2F276E3D,openml,6970,2980562,baseline,0.502492
15:52:31,2F276E3D,openml,6970,2983648,baseline,0.166366
15:52:31,2F276E3D,openml,6970,2985505,baseline,0.310714
15:52:31,2F276E3D,openml,6970,2989985,baseline,0.526761
15:52:31,2F276E3D,openml,6970,2992782,baseline,1.454585
15:52:31,2F276E3D,openml,6970,2998887,baseline,0.517794
15:52:31,2F276E3D,openml,6970,3000143,baseline,1.364855
15:52:31,2F276E3D,openml,6970,3001590,baseline,0.176204
15:52:31,2F276E3D,openml,6970,3005650,baseline,1.147242
15:52:31,2F276E3D,openml,6970,3008186,baseline,0.676323
15:52:31,2F276E3D,openml,6970,3010907,baseline,0.749251
15:52:31,2F276E3D,openml,6970,3013507,baseline,0.222257
15:52:31,2F276E3D,openml,6970,3014668,baseline,0.342902
15:52:31,2F276E3D,openml,6970,3019444,baseline,0.834198
15:52:31,2F276E3D,openml,6970,3022497,baseline,0.677777
15:52:31,2F276E3D,openml,6970,3024053,baseline,0.802507
15:52:31,2F276E3D,openml,6970,3025569,baseline,0.45719
15:52:31,2F276E3D,openml,6970,3030665,baseline,0.46281
15:52:31,2F276E3D,openml,6970,3031155,baseline,0.259753
15:52:31,2F276E3D,openml,6970,3032407,baseline,0.546455
15:52:31,2F276E3D,openml,6969,3717412,baseline,0.701407
15:52:31,2F276E3D,openml,6969,3717421,baseline,0.782296
15:52:31,2F276E3D,openml,6969,3717678,baseline,0.532618
15:52:31,2F276E3D,openml,6969,3717735,baseline,0.641194
15:52:31,2F276E3D,openml,6969,3717891,baseline,0.632058
15:52:31,2F276E3D,openml,6969,3717960,baseline,0.683231
15:52:31,2F276E3D,openml,6969,3717962,baseline,0.482231
15:52:31,2F276E3D,openml,6969,3718384,baseline,0.956135
15:52:31,2F276E3D,openml,6969,3718441,baseline,0.959078
15:52:31,2F276E3D,openml,6969,3718508,baseline,0.409335
15:52:31,2F276E3D,openml,6969,3718787,baseline,0.697751
15:52:31,2F276E3D,openml,6969,3718898,baseline,0.714684
15:52:31,2F276E3D,openml,6969,3719092,baseline,0.725362
15:52:31,2F276E3D,openml,6969,3719127,baseline,0.485046
15:52:31,2F276E3D,openml,6969,3719128,baseline,0.485201
15:52:31,2F276E3D,openml,6969,3719177,baseline,0.694153
15:52:31,2F276E3D,openml,6969,3719198,baseline,0.601393
15:52:31,2F276E3D,openml,6969,3719240,baseline,0.528231
15:52:31,2F276E3D,openml,6969,3719500,baseline,0.799164
15:52:31,2F276E3D,openml,6969,3719533,baseline,0.551113
15:52:31,2F276E3D,openml,6969,3719757,baseline,0.439197
15:52:31,2F276E3D,openml,6969,3719789,baseline,0.846832
15:52:31,2F276E3D,openml,6969,3719913,baseline,0.606071
15:52:31,2F276E3D,openml,6969,3720095,baseline,0.752619
15:52:31,2F276E3D,openml,6969,3720256,baseline,0.614068
15:52:31,2F276E3D,openml,6969,3720329,baseline,0.876986
15:52:31,2F276E3D,openml,6969,3720428,baseline,0.804954
15:52:31,2F276E3D,openml,6969,3720456,baseline,0.955171
15:52:31,2F276E3D,openml,6969,3720582,baseline,0.761843
15:52:31,2F276E3D,openml,6969,3720586,baseline,0.577899
15:52:31,2F276E3D,openml,6969,3720640,baseline,0.390761
15:52:31,2F276E3D,openml,6969,3720641,baseline,0.895698
15:52:31,2F276E3D,openml,6969,3720826,baseline,0.954137
15:52:31,2F276E3D,openml,6969,3721005,baseline,0.789589
