13:11:36,04EF2AD7,openml,5804,36487,best_n,0.1,1,1.714595
13:11:36,04EF2AD7,openml,5909,36567,best_n,0.1,1,2.148905
13:11:36,04EF2AD7,openml,5910,36868,best_n,0.1,0,1.556366
13:11:36,04EF2AD7,openml,5913,43851,best_n,0.1,0,3.976814
13:11:36,04EF2AD7,openml,5914,44102,best_n,0.1,0,11.841386
13:11:36,04EF2AD7,openml,5909,47569,best_n,0.1,0,3.53481
13:11:36,04EF2AD7,openml,5909,47570,best_n,0.1,0,3.538243
13:11:36,04EF2AD7,openml,5909,47571,best_n,0.1,0,3.545605
13:11:36,04EF2AD7,openml,5909,47572,best_n,0.1,0,3.574959
13:11:36,04EF2AD7,openml,5909,47573,best_n,0.1,0,3.525875
13:11:36,04EF2AD7,openml,5909,47574,best_n,0.1,0,3.574282
13:11:36,04EF2AD7,openml,5909,47575,best_n,0.1,0,3.528895
13:11:36,04EF2AD7,openml,5909,47576,best_n,0.1,0,3.45089
13:11:36,04EF2AD7,openml,6269,182594,best_n,0.1,0,2.042143
13:11:36,04EF2AD7,openml,6268,184535,best_n,0.1,0,2.773122
13:11:36,04EF2AD7,openml,6268,215937,best_n,0.1,0,1.939051
13:11:36,04EF2AD7,openml,6268,215938,best_n,0.1,0,2.086729
13:11:36,04EF2AD7,openml,5804,216560,best_n,0.1,0,1.362669
13:11:36,04EF2AD7,openml,5804,216646,best_n,0.1,0,2.616573
13:11:36,04EF2AD7,openml,5804,216682,best_n,0.1,0,3.093307
13:11:36,04EF2AD7,openml,5804,216692,best_n,0.1,0,3.148929
13:11:36,04EF2AD7,openml,5804,216704,best_n,0.1,0,2.584898
13:11:36,04EF2AD7,openml,5804,216706,best_n,0.1,0,2.696038
13:11:36,04EF2AD7,openml,5804,216707,best_n,0.1,0,3.677349
13:11:36,04EF2AD7,openml,5804,216707,best_n,0.1,0,3.612396
13:11:36,04EF2AD7,openml,5804,216708,best_n,0.1,0,3.071871
13:11:36,04EF2AD7,openml,5804,216709,best_n,0.1,0,2.742004
13:11:36,04EF2AD7,openml,5804,216710,best_n,0.1,0,3.600201
13:11:36,04EF2AD7,openml,5804,216721,best_n,0.1,0,2.666842
13:11:36,04EF2AD7,openml,5804,216722,best_n,0.1,0,2.846375
13:11:36,04EF2AD7,openml,5995,216723,best_n,0.1,0,6.365896
13:11:36,04EF2AD7,openml,5804,216724,best_n,0.1,0,4.596723
13:11:36,04EF2AD7,openml,5804,217072,best_n,0.1,0,2.976903
13:11:36,04EF2AD7,openml,5804,217116,best_n,0.1,1,2.771275
13:11:36,04EF2AD7,openml,5804,220204,best_n,0.1,1,2.187647
13:11:36,04EF2AD7,openml,6334,298327,best_n,0.1,1,0.249114
13:11:36,04EF2AD7,openml,6840,1844809,best_n,0.1,1,0.241587
13:11:36,04EF2AD7,openml,6840,1846935,best_n,0.1,1,0.242603
13:11:36,04EF2AD7,openml,6840,1846979,best_n,0.1,1,0.234086
13:11:36,04EF2AD7,openml,6840,1847182,best_n,0.1,1,0.221224
13:11:36,04EF2AD7,openml,6840,1849492,best_n,0.1,1,0.348129
13:11:36,04EF2AD7,openml,6840,1852280,best_n,0.1,1,0.244185
13:11:36,04EF2AD7,openml,6840,1867697,best_n,0.1,1,0.24212
13:11:36,04EF2AD7,openml,6840,1868005,best_n,0.1,1,0.226646
13:11:36,04EF2AD7,openml,6840,1868135,best_n,0.1,1,0.242334
13:11:36,04EF2AD7,openml,6840,1868388,best_n,0.1,1,0.222027
13:11:36,04EF2AD7,openml,6840,1868606,best_n,0.1,1,0.235107
13:11:36,04EF2AD7,openml,6840,1868916,best_n,0.1,1,0.222196
13:11:36,04EF2AD7,openml,6840,1868942,best_n,0.1,1,0.223498
13:11:36,04EF2AD7,openml,6840,1869641,best_n,0.1,1,0.220736
13:11:36,04EF2AD7,openml,6840,1870010,best_n,0.1,1,0.223399
13:11:36,04EF2AD7,openml,6840,1870505,best_n,0.1,1,0.222852
13:11:36,04EF2AD7,openml,6840,1870758,best_n,0.1,1,0.225812
13:11:36,04EF2AD7,openml,6840,1873562,best_n,0.1,1,0.224052
13:11:36,04EF2AD7,openml,6840,1874550,best_n,0.1,1,0.228483
13:11:36,04EF2AD7,openml,6840,1875280,best_n,0.1,1,0.221206
13:11:36,04EF2AD7,openml,6840,1878141,best_n,0.1,1,0.226504
13:11:36,04EF2AD7,openml,6840,1883629,best_n,0.1,1,0.22504
13:11:36,04EF2AD7,openml,6840,1883715,best_n,0.1,1,0.219901
13:11:36,04EF2AD7,openml,6840,1884130,best_n,0.1,1,0.222018
13:11:36,04EF2AD7,openml,6840,1885239,best_n,0.1,1,0.220681
13:11:36,04EF2AD7,openml,6840,1885560,best_n,0.1,1,0.223411
13:11:36,04EF2AD7,openml,6840,1885569,best_n,0.1,1,0.220837
13:11:36,04EF2AD7,openml,6840,1885962,best_n,0.1,1,0.238511
13:11:36,04EF2AD7,openml,6840,1886032,best_n,0.1,1,0.222432
13:11:36,04EF2AD7,openml,6840,1886747,best_n,0.1,1,0.219893
13:11:36,04EF2AD7,openml,6840,1887925,best_n,0.1,1,0.224914
13:11:36,04EF2AD7,openml,6840,1888486,best_n,0.1,1,0.23446
13:11:36,04EF2AD7,openml,6840,1889505,best_n,0.1,1,0.220596
13:11:36,04EF2AD7,openml,6840,1890523,best_n,0.1,1,0.222637
13:11:36,04EF2AD7,openml,6840,1890623,best_n,0.1,1,0.234535
13:11:36,04EF2AD7,openml,6840,1890676,best_n,0.1,1,0.225532
13:11:36,04EF2AD7,openml,6840,1890809,best_n,0.1,1,0.235114
13:11:36,04EF2AD7,openml,6840,1890929,best_n,0.1,1,0.221729
13:11:36,04EF2AD7,openml,6840,1891139,best_n,0.1,1,0.236266
13:11:36,04EF2AD7,openml,6840,1891730,best_n,0.1,1,0.222581
13:11:36,04EF2AD7,openml,6840,1891736,best_n,0.1,1,0.221625
13:11:36,04EF2AD7,openml,6840,1893096,best_n,0.1,1,0.223638
13:11:36,04EF2AD7,openml,6840,1895371,best_n,0.1,1,0.222299
13:11:36,04EF2AD7,openml,6840,1897009,best_n,0.1,1,0.221259
13:11:36,04EF2AD7,openml,6840,1897209,best_n,0.1,1,0.239713
13:11:36,04EF2AD7,openml,6840,1897596,best_n,0.1,1,0.237183
13:11:36,04EF2AD7,openml,6840,1899021,best_n,0.1,1,0.221224
13:11:36,04EF2AD7,openml,6840,1899026,best_n,0.1,1,0.236167
13:11:36,04EF2AD7,openml,6840,1899413,best_n,0.1,1,0.224688
13:11:36,04EF2AD7,openml,6840,1900647,best_n,0.1,1,0.222556
13:11:36,04EF2AD7,openml,6840,1900736,best_n,0.1,1,0.222902
13:11:36,04EF2AD7,openml,6840,1909396,best_n,0.1,1,0.236741
13:11:36,04EF2AD7,openml,6840,1909740,best_n,0.1,1,0.221577
13:11:36,04EF2AD7,openml,6840,1910907,best_n,0.1,1,0.224265
13:11:36,04EF2AD7,openml,6840,1914320,best_n,0.1,1,0.232432
13:11:36,04EF2AD7,openml,6840,1914513,best_n,0.1,1,0.223894
13:11:36,04EF2AD7,openml,6840,1915082,best_n,0.1,1,0.241685
13:11:36,04EF2AD7,openml,6840,1915312,best_n,0.1,1,0.228384
13:11:36,04EF2AD7,openml,6840,2003815,best_n,0.1,1,0.355171
13:11:36,04EF2AD7,openml,6840,2004385,best_n,0.1,1,0.224556
13:11:36,04EF2AD7,openml,6840,2005862,best_n,0.1,1,0.238169
13:11:36,04EF2AD7,openml,6840,2007754,best_n,0.1,1,0.238328
13:11:36,04EF2AD7,openml,6840,2008645,best_n,0.1,1,0.230409
13:11:36,04EF2AD7,openml,6840,2009132,best_n,0.1,1,0.22411
13:11:36,04EF2AD7,openml,6840,2009486,best_n,0.1,1,0.223348
13:11:36,04EF2AD7,openml,6840,2009612,best_n,0.1,1,0.239725
13:11:36,04EF2AD7,openml,6840,2009881,best_n,0.1,1,0.222413
13:11:36,04EF2AD7,openml,6840,2011406,best_n,0.1,1,0.222413
13:11:36,04EF2AD7,openml,6840,2014063,best_n,0.1,1,0.219498
13:11:36,04EF2AD7,openml,6840,2014154,best_n,0.1,1,0.250596
13:11:36,04EF2AD7,openml,6840,2014820,best_n,0.1,1,0.222988
13:11:36,04EF2AD7,openml,6840,2016788,best_n,0.1,1,0.224622
13:11:36,04EF2AD7,openml,6840,2016799,best_n,0.1,1,0.227348
13:11:36,04EF2AD7,openml,6840,2016875,best_n,0.1,1,0.237136
13:11:36,04EF2AD7,openml,6840,2016927,best_n,0.1,1,0.227985
13:11:36,04EF2AD7,openml,6840,2018301,best_n,0.1,1,0.23476
13:11:36,04EF2AD7,openml,6840,2019896,best_n,0.1,1,0.235363
13:11:36,04EF2AD7,openml,6840,2020830,best_n,0.1,1,0.223141
13:11:36,04EF2AD7,openml,6840,2022155,best_n,0.1,1,0.220983
13:11:36,04EF2AD7,openml,6840,2023109,best_n,0.1,1,0.237786
13:11:36,04EF2AD7,openml,6840,2023812,best_n,0.1,1,0.234617
13:11:36,04EF2AD7,openml,6840,2024409,best_n,0.1,1,0.24402
13:11:36,04EF2AD7,openml,6840,2024779,best_n,0.1,1,0.238819
13:11:36,04EF2AD7,openml,6840,2025698,best_n,0.1,1,0.225287
13:11:36,04EF2AD7,openml,6840,2025826,best_n,0.1,1,0.24017
13:11:36,04EF2AD7,openml,6840,2027877,best_n,0.1,1,0.240299
13:11:36,04EF2AD7,openml,6840,2028414,best_n,0.1,1,0.246202
13:11:36,04EF2AD7,openml,6840,2028432,best_n,0.1,1,0.242319
13:11:36,04EF2AD7,openml,6840,2029915,best_n,0.1,1,0.231226
13:11:36,04EF2AD7,openml,6840,2030442,best_n,0.1,1,0.226719
13:11:36,04EF2AD7,openml,6840,2030450,best_n,0.1,1,0.228358
13:11:36,04EF2AD7,openml,6840,2031165,best_n,0.1,1,0.224105
13:11:36,04EF2AD7,openml,6840,2031278,best_n,0.1,1,0.233849
13:11:36,04EF2AD7,openml,6840,2031395,best_n,0.1,1,0.242746
13:11:36,04EF2AD7,openml,6840,2031402,best_n,0.1,1,0.24391
13:11:36,04EF2AD7,openml,6840,2031569,best_n,0.1,1,0.225227
13:11:36,04EF2AD7,openml,6840,2032497,best_n,0.1,1,0.227165
13:11:36,04EF2AD7,openml,6840,2033564,best_n,0.1,1,0.24206
13:11:36,04EF2AD7,openml,6840,2034884,best_n,0.1,1,0.241604
13:11:36,04EF2AD7,openml,6840,2035473,best_n,0.1,1,0.226515
13:11:36,04EF2AD7,openml,6840,2035623,best_n,0.1,1,0.227346
13:11:36,04EF2AD7,openml,6840,2036364,best_n,0.1,1,0.247206
13:11:36,04EF2AD7,openml,6840,2037267,best_n,0.1,1,0.225942
13:11:36,04EF2AD7,openml,6840,2037436,best_n,0.1,1,0.368624
13:11:36,04EF2AD7,openml,6840,2037958,best_n,0.1,1,0.225366
13:11:36,04EF2AD7,openml,6840,2040067,best_n,0.1,1,0.224927
13:11:36,04EF2AD7,openml,6840,2040976,best_n,0.1,1,0.232927
13:11:36,04EF2AD7,openml,6840,2041466,best_n,0.1,1,0.222266
13:11:36,04EF2AD7,openml,6840,2042180,best_n,0.1,1,0.238298
13:11:36,04EF2AD7,openml,6840,2042330,best_n,0.1,1,0.237555
13:11:36,04EF2AD7,openml,6840,2043290,best_n,0.1,1,0.217846
13:11:36,04EF2AD7,openml,6840,2045194,best_n,0.1,1,0.233482
13:11:36,04EF2AD7,openml,6840,2045412,best_n,0.1,1,0.230579
13:11:36,04EF2AD7,openml,6840,2046354,best_n,0.1,1,0.224596
13:11:36,04EF2AD7,openml,6840,2048899,best_n,0.1,1,0.234183
13:11:36,04EF2AD7,openml,6840,2051605,best_n,0.1,1,0.233588
13:11:36,04EF2AD7,openml,6840,2051992,best_n,0.1,1,0.221557
13:11:36,04EF2AD7,openml,6840,2053979,best_n,0.1,1,0.233118
13:11:36,04EF2AD7,openml,6840,2056968,best_n,0.1,1,0.229001
13:11:36,04EF2AD7,openml,6840,2057088,best_n,0.1,1,0.228364
13:11:36,04EF2AD7,openml,6840,2058244,best_n,0.1,1,0.245461
13:11:36,04EF2AD7,openml,6840,2058504,best_n,0.1,1,0.241699
13:11:36,04EF2AD7,openml,6840,2061119,best_n,0.1,1,0.244996
13:11:36,04EF2AD7,openml,6840,2061179,best_n,0.1,1,0.225662
13:11:36,04EF2AD7,openml,6840,2061374,best_n,0.1,1,0.359314
13:11:36,04EF2AD7,openml,6840,2063598,best_n,0.1,1,0.233872
13:11:36,04EF2AD7,openml,6840,2064257,best_n,0.1,1,0.231682
13:11:36,04EF2AD7,openml,6840,2064483,best_n,0.1,1,0.224595
13:11:36,04EF2AD7,openml,6840,2064743,best_n,0.1,1,0.220258
13:11:36,04EF2AD7,openml,6840,2065036,best_n,0.1,1,0.224194
13:11:36,04EF2AD7,openml,6840,2067330,best_n,0.1,1,0.224678
13:11:36,04EF2AD7,openml,6840,2068814,best_n,0.1,1,0.236822
13:11:36,04EF2AD7,openml,6840,2069481,best_n,0.1,1,0.218562
13:11:36,04EF2AD7,openml,6840,2070531,best_n,0.1,1,0.2365
13:11:36,04EF2AD7,openml,6840,2070971,best_n,0.1,1,0.223059
13:11:36,04EF2AD7,openml,6840,2072798,best_n,0.1,1,0.222566
13:11:36,04EF2AD7,openml,6840,2074862,best_n,0.1,1,0.222029
13:11:36,04EF2AD7,openml,6840,2076252,best_n,0.1,1,0.219683
13:11:36,04EF2AD7,openml,6840,2078341,best_n,0.1,1,0.218868
13:11:36,04EF2AD7,openml,6840,2078664,best_n,0.1,1,0.219317
13:11:36,04EF2AD7,openml,6840,2081962,best_n,0.1,1,0.234697
13:11:36,04EF2AD7,openml,6840,2081966,best_n,0.1,1,0.220535
13:11:36,04EF2AD7,openml,6840,2082006,best_n,0.1,1,0.228469
13:11:36,04EF2AD7,openml,6840,2083021,best_n,0.1,1,0.241088
13:11:36,04EF2AD7,openml,6840,2083516,best_n,0.1,1,0.228521
13:11:36,04EF2AD7,openml,6840,2086503,best_n,0.1,1,0.223393
13:11:36,04EF2AD7,openml,6840,2088600,best_n,0.1,1,0.221796
13:11:36,04EF2AD7,openml,6840,2088667,best_n,0.1,1,0.225127
13:11:36,04EF2AD7,openml,6840,2088799,best_n,0.1,1,0.235552
13:11:36,04EF2AD7,openml,6840,2089721,best_n,0.1,1,0.238405
13:11:36,04EF2AD7,openml,6840,2089944,best_n,0.1,1,0.221947
13:11:36,04EF2AD7,openml,6840,2090890,best_n,0.1,1,0.22022
13:11:36,04EF2AD7,openml,6840,2093700,best_n,0.1,1,0.235379
13:11:36,04EF2AD7,openml,6840,2094623,best_n,0.1,1,0.239844
13:11:36,04EF2AD7,openml,6840,2094784,best_n,0.1,1,0.233773
13:11:36,04EF2AD7,openml,6840,2097218,best_n,0.1,1,0.227305
13:11:36,04EF2AD7,openml,6840,2098799,best_n,0.1,1,0.219308
13:11:36,04EF2AD7,openml,6840,2100573,best_n,0.1,1,0.236787
13:11:36,04EF2AD7,openml,6840,2105544,best_n,0.1,1,0.239054
13:11:36,04EF2AD7,openml,6840,2106602,best_n,0.1,1,0.216513
13:11:36,04EF2AD7,openml,6840,2109921,best_n,0.1,1,0.23408
13:11:36,04EF2AD7,openml,6840,2110817,best_n,0.1,1,0.22175
13:11:36,04EF2AD7,openml,6840,2110933,best_n,0.1,1,0.225226
13:11:36,04EF2AD7,openml,6840,2112642,best_n,0.1,1,0.237391
13:14:39,1381C93F,openml,5804,36487,best_n,0.5,1,1.71472
13:14:39,1381C93F,openml,5909,36567,best_n,0.5,1,2.144718
13:14:39,1381C93F,openml,5910,36868,best_n,0.5,0,1.55022
13:14:39,1381C93F,openml,5913,43851,best_n,0.5,0,3.977944
13:14:39,1381C93F,openml,5914,44102,best_n,0.5,0,13.127904
13:14:39,1381C93F,openml,5909,47569,best_n,0.5,0,3.638865
13:14:39,1381C93F,openml,5909,47570,best_n,0.5,0,3.605428
13:14:39,1381C93F,openml,5909,47571,best_n,0.5,0,3.955031
13:14:39,1381C93F,openml,5909,47572,best_n,0.5,0,3.576469
13:14:39,1381C93F,openml,5909,47573,best_n,0.5,0,3.617212
13:14:39,1381C93F,openml,5909,47574,best_n,0.5,0,3.639965
13:14:39,1381C93F,openml,5909,47575,best_n,0.5,0,3.563294
13:14:39,1381C93F,openml,5909,47576,best_n,0.5,1,3.665027
13:14:39,1381C93F,openml,6269,182594,best_n,0.5,0,0.607992
13:14:39,1381C93F,openml,6268,184535,best_n,0.5,1,2.774514
13:14:39,1381C93F,openml,6268,215937,best_n,0.5,1,1.175772
13:14:39,1381C93F,openml,6268,215938,best_n,0.5,1,1.172405
13:14:39,1381C93F,openml,5804,216560,best_n,0.5,1,0.537768
13:14:39,1381C93F,openml,5804,216646,best_n,0.5,1,1.805641
13:14:39,1381C93F,openml,5804,216682,best_n,0.5,1,2.258781
13:14:39,1381C93F,openml,5804,216692,best_n,0.5,1,2.277183
13:14:39,1381C93F,openml,5804,216704,best_n,0.5,1,1.769515
13:14:39,1381C93F,openml,5804,216706,best_n,0.5,1,1.856228
13:14:39,1381C93F,openml,5804,216707,best_n,0.5,1,2.768551
13:14:39,1381C93F,openml,5804,216707,best_n,0.5,1,2.771524
13:14:39,1381C93F,openml,5804,216708,best_n,0.5,1,2.264108
13:14:39,1381C93F,openml,5804,216709,best_n,0.5,1,1.907997
13:14:39,1381C93F,openml,5804,216710,best_n,0.5,1,2.801471
13:14:39,1381C93F,openml,5804,216721,best_n,0.5,1,1.897054
13:14:39,1381C93F,openml,5804,216722,best_n,0.5,1,2.069903
13:14:39,1381C93F,openml,5995,216723,best_n,0.5,1,5.485417
13:14:39,1381C93F,openml,5804,216724,best_n,0.5,1,3.678107
13:14:39,1381C93F,openml,5804,217072,best_n,0.5,1,2.163216
13:14:39,1381C93F,openml,5804,217116,best_n,0.5,1,1.972286
13:14:39,1381C93F,openml,5804,220204,best_n,0.5,1,2.060515
13:14:39,1381C93F,openml,6334,298327,best_n,0.5,1,0.243534
13:14:39,1381C93F,openml,6840,1844809,best_n,0.5,1,0.228778
13:14:39,1381C93F,openml,6840,1846935,best_n,0.5,1,0.242649
13:14:39,1381C93F,openml,6840,1846979,best_n,0.5,1,0.217248
13:14:39,1381C93F,openml,6840,1847182,best_n,0.5,1,0.222688
13:14:39,1381C93F,openml,6840,1849492,best_n,0.5,1,0.216326
13:14:39,1381C93F,openml,6840,1852280,best_n,0.5,1,0.23827
13:14:39,1381C93F,openml,6840,1867697,best_n,0.5,1,0.243774
13:14:39,1381C93F,openml,6840,1868005,best_n,0.5,1,0.222938
13:14:39,1381C93F,openml,6840,1868135,best_n,0.5,1,0.240844
13:14:39,1381C93F,openml,6840,1868388,best_n,0.5,1,0.224849
13:14:39,1381C93F,openml,6840,1868606,best_n,0.5,1,0.235963
13:14:39,1381C93F,openml,6840,1868916,best_n,0.5,1,0.219047
13:14:39,1381C93F,openml,6840,1868942,best_n,0.5,1,0.230495
13:14:39,1381C93F,openml,6840,1869641,best_n,0.5,1,0.220412
13:14:39,1381C93F,openml,6840,1870010,best_n,0.5,1,0.225787
13:14:39,1381C93F,openml,6840,1870505,best_n,0.5,1,0.228121
13:14:39,1381C93F,openml,6840,1870758,best_n,0.5,1,0.222975
13:14:39,1381C93F,openml,6840,1873562,best_n,0.5,1,0.215331
13:14:39,1381C93F,openml,6840,1874550,best_n,0.5,1,0.225604
13:14:39,1381C93F,openml,6840,1875280,best_n,0.5,1,0.222461
13:14:39,1381C93F,openml,6840,1878141,best_n,0.5,1,0.218828
13:14:39,1381C93F,openml,6840,1883629,best_n,0.5,1,0.216693
13:14:39,1381C93F,openml,6840,1883715,best_n,0.5,1,0.349743
13:14:39,1381C93F,openml,6840,1884130,best_n,0.5,1,0.225822
13:14:39,1381C93F,openml,6840,1885239,best_n,0.5,1,0.232382
13:14:39,1381C93F,openml,6840,1885560,best_n,0.5,1,0.227521
13:14:39,1381C93F,openml,6840,1885569,best_n,0.5,1,0.223575
13:14:39,1381C93F,openml,6840,1885962,best_n,0.5,1,0.235833
13:14:39,1381C93F,openml,6840,1886032,best_n,0.5,1,0.222237
13:14:39,1381C93F,openml,6840,1886747,best_n,0.5,1,0.218425
13:14:39,1381C93F,openml,6840,1887925,best_n,0.5,1,0.218599
13:14:39,1381C93F,openml,6840,1888486,best_n,0.5,1,0.231693
13:14:39,1381C93F,openml,6840,1889505,best_n,0.5,1,0.223806
13:14:39,1381C93F,openml,6840,1890523,best_n,0.5,1,0.224845
13:14:39,1381C93F,openml,6840,1890623,best_n,0.5,1,0.232955
13:14:39,1381C93F,openml,6840,1890676,best_n,0.5,1,0.217435
13:14:39,1381C93F,openml,6840,1890809,best_n,0.5,1,0.232394
13:14:39,1381C93F,openml,6840,1890929,best_n,0.5,1,0.224405
13:14:39,1381C93F,openml,6840,1891139,best_n,0.5,1,0.237957
13:14:39,1381C93F,openml,6840,1891730,best_n,0.5,1,0.35268
13:14:39,1381C93F,openml,6840,1891736,best_n,0.5,1,0.234337
13:14:39,1381C93F,openml,6840,1893096,best_n,0.5,1,0.218932
13:14:39,1381C93F,openml,6840,1895371,best_n,0.5,1,0.221782
13:14:39,1381C93F,openml,6840,1897009,best_n,0.5,1,0.220898
13:14:39,1381C93F,openml,6840,1897209,best_n,0.5,1,0.236131
13:14:39,1381C93F,openml,6840,1897596,best_n,0.5,1,0.244475
13:14:39,1381C93F,openml,6840,1899021,best_n,0.5,1,0.223607
13:14:39,1381C93F,openml,6840,1899026,best_n,0.5,1,0.240978
13:14:39,1381C93F,openml,6840,1899413,best_n,0.5,1,0.229413
13:14:39,1381C93F,openml,6840,1900647,best_n,0.5,1,0.232914
13:14:39,1381C93F,openml,6840,1900736,best_n,0.5,1,0.221303
13:14:39,1381C93F,openml,6840,1909396,best_n,0.5,1,0.247978
13:14:39,1381C93F,openml,6840,1909740,best_n,0.5,1,0.220171
13:14:39,1381C93F,openml,6840,1910907,best_n,0.5,1,0.225423
13:14:39,1381C93F,openml,6840,1914320,best_n,0.5,1,0.237571
13:14:39,1381C93F,openml,6840,1914513,best_n,0.5,1,0.220305
13:14:39,1381C93F,openml,6840,1915082,best_n,0.5,1,0.231737
13:14:39,1381C93F,openml,6840,1915312,best_n,0.5,1,0.218251
13:14:39,1381C93F,openml,6840,2003815,best_n,0.5,1,0.218663
13:14:39,1381C93F,openml,6840,2004385,best_n,0.5,1,0.235143
13:14:39,1381C93F,openml,6840,2005862,best_n,0.5,1,0.223336
13:14:39,1381C93F,openml,6840,2007754,best_n,0.5,1,0.24422
13:14:39,1381C93F,openml,6840,2008645,best_n,0.5,1,0.226529
13:14:39,1381C93F,openml,6840,2009132,best_n,0.5,1,0.221847
13:14:39,1381C93F,openml,6840,2009486,best_n,0.5,1,0.219751
13:14:39,1381C93F,openml,6840,2009612,best_n,0.5,1,0.233774
13:14:39,1381C93F,openml,6840,2009881,best_n,0.5,1,0.224962
13:14:39,1381C93F,openml,6840,2011406,best_n,0.5,1,0.216671
13:14:39,1381C93F,openml,6840,2014063,best_n,0.5,1,0.229776
13:14:39,1381C93F,openml,6840,2014154,best_n,0.5,1,0.242636
13:14:39,1381C93F,openml,6840,2014820,best_n,0.5,1,0.233255
13:14:39,1381C93F,openml,6840,2016788,best_n,0.5,1,0.225164
13:14:39,1381C93F,openml,6840,2016799,best_n,0.5,1,0.226645
13:14:39,1381C93F,openml,6840,2016875,best_n,0.5,1,0.237785
13:14:39,1381C93F,openml,6840,2016927,best_n,0.5,1,0.220087
13:14:39,1381C93F,openml,6840,2018301,best_n,0.5,1,0.24132
13:14:39,1381C93F,openml,6840,2019896,best_n,0.5,1,0.240848
13:14:39,1381C93F,openml,6840,2020830,best_n,0.5,1,0.216649
13:14:39,1381C93F,openml,6840,2022155,best_n,0.5,1,0.232314
13:14:39,1381C93F,openml,6840,2023109,best_n,0.5,1,0.240972
13:14:39,1381C93F,openml,6840,2023812,best_n,0.5,1,0.239206
13:14:39,1381C93F,openml,6840,2024409,best_n,0.5,1,0.238571
13:14:39,1381C93F,openml,6840,2024779,best_n,0.5,1,0.234189
13:14:39,1381C93F,openml,6840,2025698,best_n,0.5,1,0.224377
13:14:39,1381C93F,openml,6840,2025826,best_n,0.5,1,0.237028
13:14:39,1381C93F,openml,6840,2027877,best_n,0.5,1,0.2333
13:14:39,1381C93F,openml,6840,2028414,best_n,0.5,1,0.240052
13:14:39,1381C93F,openml,6840,2028432,best_n,0.5,1,0.239579
13:14:39,1381C93F,openml,6840,2029915,best_n,0.5,1,0.223413
13:14:39,1381C93F,openml,6840,2030442,best_n,0.5,1,0.22553
13:14:39,1381C93F,openml,6840,2030450,best_n,0.5,1,0.225613
13:14:39,1381C93F,openml,6840,2031165,best_n,0.5,1,0.223522
13:14:39,1381C93F,openml,6840,2031278,best_n,0.5,1,0.222587
13:14:39,1381C93F,openml,6840,2031395,best_n,0.5,1,0.239598
13:14:39,1381C93F,openml,6840,2031402,best_n,0.5,1,0.240973
13:14:39,1381C93F,openml,6840,2031569,best_n,0.5,1,0.228841
13:14:39,1381C93F,openml,6840,2032497,best_n,0.5,1,0.228733
13:14:39,1381C93F,openml,6840,2033564,best_n,0.5,1,0.247121
13:14:39,1381C93F,openml,6840,2034884,best_n,0.5,1,0.243157
13:14:39,1381C93F,openml,6840,2035473,best_n,0.5,1,0.240791
13:14:39,1381C93F,openml,6840,2035623,best_n,0.5,1,0.227522
13:14:39,1381C93F,openml,6840,2036364,best_n,0.5,1,0.249109
13:14:39,1381C93F,openml,6840,2037267,best_n,0.5,1,0.219086
13:14:39,1381C93F,openml,6840,2037436,best_n,0.5,1,0.222896
13:14:39,1381C93F,openml,6840,2037958,best_n,0.5,1,0.223344
13:14:39,1381C93F,openml,6840,2040067,best_n,0.5,1,0.337981
13:14:39,1381C93F,openml,6840,2040976,best_n,0.5,1,0.236052
13:14:39,1381C93F,openml,6840,2041466,best_n,0.5,1,0.228597
13:14:39,1381C93F,openml,6840,2042180,best_n,0.5,1,0.239514
13:14:39,1381C93F,openml,6840,2042330,best_n,0.5,1,0.240689
13:14:39,1381C93F,openml,6840,2043290,best_n,0.5,1,0.358954
13:14:39,1381C93F,openml,6840,2045194,best_n,0.5,1,0.242257
13:14:39,1381C93F,openml,6840,2045412,best_n,0.5,1,0.217554
13:14:39,1381C93F,openml,6840,2046354,best_n,0.5,1,0.227136
13:14:39,1381C93F,openml,6840,2048899,best_n,0.5,1,0.240248
13:14:39,1381C93F,openml,6840,2051605,best_n,0.5,1,0.240117
13:14:39,1381C93F,openml,6840,2051992,best_n,0.5,1,0.223786
13:14:39,1381C93F,openml,6840,2053979,best_n,0.5,1,0.234237
13:14:39,1381C93F,openml,6840,2056968,best_n,0.5,1,0.221134
13:14:39,1381C93F,openml,6840,2057088,best_n,0.5,1,0.224892
13:14:39,1381C93F,openml,6840,2058244,best_n,0.5,1,0.233771
13:14:39,1381C93F,openml,6840,2058504,best_n,0.5,1,0.236013
13:14:39,1381C93F,openml,6840,2061119,best_n,0.5,1,0.236333
13:14:39,1381C93F,openml,6840,2061179,best_n,0.5,1,0.213107
13:14:39,1381C93F,openml,6840,2061374,best_n,0.5,1,0.235493
13:14:39,1381C93F,openml,6840,2063598,best_n,0.5,1,0.238297
13:14:39,1381C93F,openml,6840,2064257,best_n,0.5,1,0.247226
13:14:39,1381C93F,openml,6840,2064483,best_n,0.5,1,0.220575
13:14:39,1381C93F,openml,6840,2064743,best_n,0.5,1,0.22308
13:14:39,1381C93F,openml,6840,2065036,best_n,0.5,1,0.226214
13:14:39,1381C93F,openml,6840,2067330,best_n,0.5,1,0.234287
13:14:39,1381C93F,openml,6840,2068814,best_n,0.5,1,0.23865
13:14:39,1381C93F,openml,6840,2069481,best_n,0.5,1,0.225722
13:14:39,1381C93F,openml,6840,2070531,best_n,0.5,1,0.244283
13:14:39,1381C93F,openml,6840,2070971,best_n,0.5,1,0.225368
13:14:39,1381C93F,openml,6840,2072798,best_n,0.5,1,0.233598
13:14:39,1381C93F,openml,6840,2074862,best_n,0.5,1,0.229449
13:14:39,1381C93F,openml,6840,2076252,best_n,0.5,1,0.3763
13:14:39,1381C93F,openml,6840,2078341,best_n,0.5,1,0.227794
13:14:39,1381C93F,openml,6840,2078664,best_n,0.5,1,0.231131
13:14:39,1381C93F,openml,6840,2081962,best_n,0.5,1,0.25168
13:14:39,1381C93F,openml,6840,2081966,best_n,0.5,1,0.226165
13:14:39,1381C93F,openml,6840,2082006,best_n,0.5,1,0.223664
13:14:39,1381C93F,openml,6840,2083021,best_n,0.5,1,0.234156
13:14:39,1381C93F,openml,6840,2083516,best_n,0.5,1,0.226467
13:14:39,1381C93F,openml,6840,2086503,best_n,0.5,1,0.222572
13:14:39,1381C93F,openml,6840,2088600,best_n,0.5,1,0.220666
13:14:39,1381C93F,openml,6840,2088667,best_n,0.5,1,0.222011
13:14:39,1381C93F,openml,6840,2088799,best_n,0.5,1,0.238251
13:14:39,1381C93F,openml,6840,2089721,best_n,0.5,1,0.231376
13:14:39,1381C93F,openml,6840,2089944,best_n,0.5,1,0.221628
13:14:39,1381C93F,openml,6840,2090890,best_n,0.5,1,0.218854
13:14:39,1381C93F,openml,6840,2093700,best_n,0.5,1,0.240546
13:14:39,1381C93F,openml,6840,2094623,best_n,0.5,1,0.233566
13:14:39,1381C93F,openml,6840,2094784,best_n,0.5,1,0.244506
13:14:39,1381C93F,openml,6840,2097218,best_n,0.5,1,0.233039
13:14:39,1381C93F,openml,6840,2098799,best_n,0.5,1,0.227215
13:14:39,1381C93F,openml,6840,2100573,best_n,0.5,1,0.388647
13:14:39,1381C93F,openml,6840,2105544,best_n,0.5,1,0.367951
13:14:39,1381C93F,openml,6840,2106602,best_n,0.5,1,0.388113
13:14:39,1381C93F,openml,6840,2109921,best_n,0.5,1,0.385794
13:14:39,1381C93F,openml,6840,2110817,best_n,0.5,1,0.22609
13:14:39,1381C93F,openml,6840,2110933,best_n,0.5,1,0.2208
13:14:39,1381C93F,openml,6840,2112642,best_n,0.5,1,0.239399
13:17:27,A116E750,openml,5804,36487,best_n,0.9,1,1.742106
13:17:27,A116E750,openml,5909,36567,best_n,0.9,1,2.112436
13:17:27,A116E750,openml,5910,36868,best_n,0.9,1,1.581177
13:17:27,A116E750,openml,5913,43851,best_n,0.9,1,2.522253
13:17:27,A116E750,openml,5914,44102,best_n,0.9,1,9.972017
13:17:27,A116E750,openml,5909,47569,best_n,0.9,1,2.086867
13:17:27,A116E750,openml,5909,47570,best_n,0.9,1,2.112918
13:17:27,A116E750,openml,5909,47571,best_n,0.9,1,2.084597
13:17:27,A116E750,openml,5909,47572,best_n,0.9,1,2.09038
13:17:27,A116E750,openml,5909,47573,best_n,0.9,1,2.079335
13:17:27,A116E750,openml,5909,47574,best_n,0.9,1,2.073923
13:17:27,A116E750,openml,5909,47575,best_n,0.9,1,2.10011
13:17:27,A116E750,openml,5909,47576,best_n,0.9,1,1.928054
13:17:27,A116E750,openml,6269,182594,best_n,0.9,0,0.589337
13:17:27,A116E750,openml,6268,184535,best_n,0.9,1,2.696682
13:17:27,A116E750,openml,6268,215937,best_n,0.9,1,1.139359
13:17:27,A116E750,openml,6268,215938,best_n,0.9,1,1.130768
13:17:27,A116E750,openml,5804,216560,best_n,0.9,1,0.529989
13:17:27,A116E750,openml,5804,216646,best_n,0.9,1,1.729396
13:17:27,A116E750,openml,5804,216682,best_n,0.9,1,2.218925
13:17:27,A116E750,openml,5804,216692,best_n,0.9,1,2.250265
13:17:27,A116E750,openml,5804,216704,best_n,0.9,1,1.867177
13:17:27,A116E750,openml,5804,216706,best_n,0.9,1,1.87275
13:17:27,A116E750,openml,5804,216707,best_n,0.9,1,2.737628
13:17:27,A116E750,openml,5804,216707,best_n,0.9,1,2.742153
13:17:27,A116E750,openml,5804,216708,best_n,0.9,1,2.259582
13:17:27,A116E750,openml,5804,216709,best_n,0.9,1,1.863377
13:17:27,A116E750,openml,5804,216710,best_n,0.9,1,2.770499
13:17:27,A116E750,openml,5804,216721,best_n,0.9,1,1.857881
13:17:27,A116E750,openml,5804,216722,best_n,0.9,1,2.012864
13:17:27,A116E750,openml,5995,216723,best_n,0.9,1,5.391001
13:17:27,A116E750,openml,5804,216724,best_n,0.9,1,3.640558
13:17:27,A116E750,openml,5804,217072,best_n,0.9,1,2.121891
13:17:27,A116E750,openml,5804,217116,best_n,0.9,1,1.900445
13:17:27,A116E750,openml,5804,220204,best_n,0.9,1,2.012561
13:17:27,A116E750,openml,6334,298327,best_n,0.9,1,0.236909
13:17:27,A116E750,openml,6840,1844809,best_n,0.9,1,0.228045
13:17:27,A116E750,openml,6840,1846935,best_n,0.9,1,0.23471
13:17:27,A116E750,openml,6840,1846979,best_n,0.9,1,0.219562
13:17:27,A116E750,openml,6840,1847182,best_n,0.9,1,0.218157
13:17:27,A116E750,openml,6840,1849492,best_n,0.9,1,0.216878
13:17:27,A116E750,openml,6840,1852280,best_n,0.9,1,0.236001
13:17:27,A116E750,openml,6840,1867697,best_n,0.9,1,0.230859
13:17:27,A116E750,openml,6840,1868005,best_n,0.9,1,0.215815
13:17:27,A116E750,openml,6840,1868135,best_n,0.9,1,0.23185
13:17:27,A116E750,openml,6840,1868388,best_n,0.9,1,0.222451
13:17:27,A116E750,openml,6840,1868606,best_n,0.9,1,0.230401
13:17:27,A116E750,openml,6840,1868916,best_n,0.9,1,0.216324
13:17:27,A116E750,openml,6840,1868942,best_n,0.9,1,0.217285
13:17:27,A116E750,openml,6840,1869641,best_n,0.9,1,0.222509
13:17:27,A116E750,openml,6840,1870010,best_n,0.9,1,0.218685
13:17:27,A116E750,openml,6840,1870505,best_n,0.9,1,0.229312
13:17:27,A116E750,openml,6840,1870758,best_n,0.9,1,0.218682
13:17:27,A116E750,openml,6840,1873562,best_n,0.9,1,0.221608
13:17:27,A116E750,openml,6840,1874550,best_n,0.9,1,0.221572
13:17:27,A116E750,openml,6840,1875280,best_n,0.9,1,0.221259
13:17:27,A116E750,openml,6840,1878141,best_n,0.9,1,0.219847
13:17:27,A116E750,openml,6840,1883629,best_n,0.9,1,0.216124
13:17:27,A116E750,openml,6840,1883715,best_n,0.9,1,0.217513
13:17:27,A116E750,openml,6840,1884130,best_n,0.9,1,0.217466
13:17:27,A116E750,openml,6840,1885239,best_n,0.9,1,0.222203
13:17:27,A116E750,openml,6840,1885560,best_n,0.9,1,0.225443
13:17:27,A116E750,openml,6840,1885569,best_n,0.9,1,0.222636
13:17:27,A116E750,openml,6840,1885962,best_n,0.9,1,0.234675
13:17:27,A116E750,openml,6840,1886032,best_n,0.9,1,0.220627
13:17:27,A116E750,openml,6840,1886747,best_n,0.9,1,0.222894
13:17:27,A116E750,openml,6840,1887925,best_n,0.9,1,0.22823
13:17:27,A116E750,openml,6840,1888486,best_n,0.9,1,0.230901
13:17:27,A116E750,openml,6840,1889505,best_n,0.9,1,0.216307
13:17:27,A116E750,openml,6840,1890523,best_n,0.9,1,0.217125
13:17:27,A116E750,openml,6840,1890623,best_n,0.9,1,0.230505
13:17:27,A116E750,openml,6840,1890676,best_n,0.9,1,0.221332
13:17:27,A116E750,openml,6840,1890809,best_n,0.9,1,0.232582
13:17:27,A116E750,openml,6840,1890929,best_n,0.9,1,0.216063
13:17:27,A116E750,openml,6840,1891139,best_n,0.9,1,0.231754
13:17:27,A116E750,openml,6840,1891730,best_n,0.9,1,0.217507
13:17:27,A116E750,openml,6840,1891736,best_n,0.9,1,0.223355
13:17:27,A116E750,openml,6840,1893096,best_n,0.9,1,0.219243
13:17:27,A116E750,openml,6840,1895371,best_n,0.9,1,0.220928
13:17:27,A116E750,openml,6840,1897009,best_n,0.9,1,0.220053
13:17:27,A116E750,openml,6840,1897209,best_n,0.9,1,0.229735
13:17:27,A116E750,openml,6840,1897596,best_n,0.9,1,0.23395
13:17:27,A116E750,openml,6840,1899021,best_n,0.9,1,0.219306
13:17:27,A116E750,openml,6840,1899026,best_n,0.9,1,0.236819
13:17:27,A116E750,openml,6840,1899413,best_n,0.9,1,0.217512
13:17:27,A116E750,openml,6840,1900647,best_n,0.9,1,0.22062
13:17:27,A116E750,openml,6840,1900736,best_n,0.9,1,0.217402
13:17:27,A116E750,openml,6840,1909396,best_n,0.9,1,0.229511
13:17:27,A116E750,openml,6840,1909740,best_n,0.9,1,0.218379
13:17:27,A116E750,openml,6840,1910907,best_n,0.9,1,0.216144
13:17:27,A116E750,openml,6840,1914320,best_n,0.9,1,0.231573
13:17:27,A116E750,openml,6840,1914513,best_n,0.9,1,0.219537
13:17:27,A116E750,openml,6840,1915082,best_n,0.9,1,0.233947
13:17:27,A116E750,openml,6840,1915312,best_n,0.9,1,0.218024
13:17:27,A116E750,openml,6840,2003815,best_n,0.9,1,0.219377
13:17:27,A116E750,openml,6840,2004385,best_n,0.9,1,0.217184
13:17:27,A116E750,openml,6840,2005862,best_n,0.9,1,0.221375
13:17:27,A116E750,openml,6840,2007754,best_n,0.9,1,0.232775
13:17:27,A116E750,openml,6840,2008645,best_n,0.9,1,0.220103
13:17:27,A116E750,openml,6840,2009132,best_n,0.9,1,0.215547
13:17:27,A116E750,openml,6840,2009486,best_n,0.9,1,0.218956
13:17:27,A116E750,openml,6840,2009612,best_n,0.9,1,0.230981
13:17:27,A116E750,openml,6840,2009881,best_n,0.9,1,0.220152
13:17:27,A116E750,openml,6840,2011406,best_n,0.9,1,0.217673
13:17:27,A116E750,openml,6840,2014063,best_n,0.9,1,0.216743
13:17:27,A116E750,openml,6840,2014154,best_n,0.9,1,0.229233
13:17:27,A116E750,openml,6840,2014820,best_n,0.9,1,0.219358
13:17:27,A116E750,openml,6840,2016788,best_n,0.9,1,0.221238
13:17:27,A116E750,openml,6840,2016799,best_n,0.9,1,0.220525
13:17:27,A116E750,openml,6840,2016875,best_n,0.9,1,0.231984
13:17:27,A116E750,openml,6840,2016927,best_n,0.9,1,0.219308
13:17:27,A116E750,openml,6840,2018301,best_n,0.9,1,0.230436
13:17:27,A116E750,openml,6840,2019896,best_n,0.9,1,0.229609
13:17:27,A116E750,openml,6840,2020830,best_n,0.9,1,0.222423
13:17:27,A116E750,openml,6840,2022155,best_n,0.9,1,0.21521
13:17:27,A116E750,openml,6840,2023109,best_n,0.9,1,0.234115
13:17:27,A116E750,openml,6840,2023812,best_n,0.9,1,0.235359
13:17:27,A116E750,openml,6840,2024409,best_n,0.9,1,0.231984
13:17:27,A116E750,openml,6840,2024779,best_n,0.9,1,0.233616
13:17:27,A116E750,openml,6840,2025698,best_n,0.9,1,0.216647
13:17:27,A116E750,openml,6840,2025826,best_n,0.9,1,0.22939
13:17:27,A116E750,openml,6840,2027877,best_n,0.9,1,0.229317
13:17:27,A116E750,openml,6840,2028414,best_n,0.9,1,0.229418
13:17:27,A116E750,openml,6840,2028432,best_n,0.9,1,0.231365
13:17:27,A116E750,openml,6840,2029915,best_n,0.9,1,0.21936
13:17:27,A116E750,openml,6840,2030442,best_n,0.9,1,0.222044
13:17:27,A116E750,openml,6840,2030450,best_n,0.9,1,0.217769
13:17:27,A116E750,openml,6840,2031165,best_n,0.9,1,0.221302
13:17:27,A116E750,openml,6840,2031278,best_n,0.9,1,0.218709
13:17:27,A116E750,openml,6840,2031395,best_n,0.9,1,0.230305
13:17:27,A116E750,openml,6840,2031402,best_n,0.9,1,0.233938
13:17:27,A116E750,openml,6840,2031569,best_n,0.9,1,0.220647
13:17:27,A116E750,openml,6840,2032497,best_n,0.9,1,0.217924
13:17:27,A116E750,openml,6840,2033564,best_n,0.9,1,0.231268
13:17:27,A116E750,openml,6840,2034884,best_n,0.9,1,0.231669
13:17:27,A116E750,openml,6840,2035473,best_n,0.9,1,0.220836
13:17:27,A116E750,openml,6840,2035623,best_n,0.9,1,0.217258
13:17:27,A116E750,openml,6840,2036364,best_n,0.9,1,0.229278
13:17:27,A116E750,openml,6840,2037267,best_n,0.9,1,0.216088
13:17:27,A116E750,openml,6840,2037436,best_n,0.9,1,0.220827
13:17:27,A116E750,openml,6840,2037958,best_n,0.9,1,0.216801
13:17:27,A116E750,openml,6840,2040067,best_n,0.9,1,0.223524
13:17:27,A116E750,openml,6840,2040976,best_n,0.9,1,0.236538
13:17:27,A116E750,openml,6840,2041466,best_n,0.9,1,0.222653
13:17:27,A116E750,openml,6840,2042180,best_n,0.9,1,0.236175
13:17:27,A116E750,openml,6840,2042330,best_n,0.9,1,0.235914
13:17:27,A116E750,openml,6840,2043290,best_n,0.9,1,0.226461
13:17:27,A116E750,openml,6840,2045194,best_n,0.9,1,0.235762
13:17:27,A116E750,openml,6840,2045412,best_n,0.9,1,0.217102
13:17:27,A116E750,openml,6840,2046354,best_n,0.9,1,0.218142
13:17:27,A116E750,openml,6840,2048899,best_n,0.9,1,0.2343
13:17:27,A116E750,openml,6840,2051605,best_n,0.9,1,0.229684
13:17:27,A116E750,openml,6840,2051992,best_n,0.9,1,0.216838
13:17:27,A116E750,openml,6840,2053979,best_n,0.9,1,0.228342
13:17:27,A116E750,openml,6840,2056968,best_n,0.9,1,0.216459
13:17:27,A116E750,openml,6840,2057088,best_n,0.9,1,0.217478
13:17:27,A116E750,openml,6840,2058244,best_n,0.9,1,0.231311
13:17:27,A116E750,openml,6840,2058504,best_n,0.9,1,0.236699
13:17:27,A116E750,openml,6840,2061119,best_n,0.9,1,0.235528
13:17:27,A116E750,openml,6840,2061179,best_n,0.9,1,0.219705
13:17:27,A116E750,openml,6840,2061374,best_n,0.9,1,0.230127
13:17:27,A116E750,openml,6840,2063598,best_n,0.9,1,0.237927
13:17:27,A116E750,openml,6840,2064257,best_n,0.9,1,0.23433
13:17:27,A116E750,openml,6840,2064483,best_n,0.9,1,0.221139
13:17:27,A116E750,openml,6840,2064743,best_n,0.9,1,0.218141
13:17:27,A116E750,openml,6840,2065036,best_n,0.9,1,0.220945
13:17:27,A116E750,openml,6840,2067330,best_n,0.9,1,0.217693
13:17:27,A116E750,openml,6840,2068814,best_n,0.9,1,0.236472
13:17:27,A116E750,openml,6840,2069481,best_n,0.9,1,0.218587
13:17:27,A116E750,openml,6840,2070531,best_n,0.9,1,0.23316
13:17:27,A116E750,openml,6840,2070971,best_n,0.9,1,0.219721
13:17:27,A116E750,openml,6840,2072798,best_n,0.9,1,0.225812
13:17:27,A116E750,openml,6840,2074862,best_n,0.9,1,0.216004
13:17:27,A116E750,openml,6840,2076252,best_n,0.9,1,0.21786
13:17:27,A116E750,openml,6840,2078341,best_n,0.9,1,0.218034
13:17:27,A116E750,openml,6840,2078664,best_n,0.9,1,0.218668
13:17:27,A116E750,openml,6840,2081962,best_n,0.9,1,0.232772
13:17:27,A116E750,openml,6840,2081966,best_n,0.9,1,0.217455
13:17:27,A116E750,openml,6840,2082006,best_n,0.9,1,0.237326
13:17:27,A116E750,openml,6840,2083021,best_n,0.9,1,0.231759
13:17:27,A116E750,openml,6840,2083516,best_n,0.9,1,0.233665
13:17:27,A116E750,openml,6840,2086503,best_n,0.9,1,0.238735
13:17:27,A116E750,openml,6840,2088600,best_n,0.9,1,0.217593
13:17:27,A116E750,openml,6840,2088667,best_n,0.9,1,0.216699
13:17:27,A116E750,openml,6840,2088799,best_n,0.9,1,0.231284
13:17:27,A116E750,openml,6840,2089721,best_n,0.9,1,0.229804
13:17:27,A116E750,openml,6840,2089944,best_n,0.9,1,0.217402
13:17:27,A116E750,openml,6840,2090890,best_n,0.9,1,0.220647
13:17:27,A116E750,openml,6840,2093700,best_n,0.9,1,0.231015
13:17:27,A116E750,openml,6840,2094623,best_n,0.9,1,0.229425
13:17:27,A116E750,openml,6840,2094784,best_n,0.9,1,0.231903
13:17:27,A116E750,openml,6840,2097218,best_n,0.9,1,0.216544
13:17:27,A116E750,openml,6840,2098799,best_n,0.9,1,0.220452
13:17:27,A116E750,openml,6840,2100573,best_n,0.9,1,0.233478
13:17:27,A116E750,openml,6840,2105544,best_n,0.9,1,0.234009
13:17:27,A116E750,openml,6840,2106602,best_n,0.9,1,0.216348
13:17:27,A116E750,openml,6840,2109921,best_n,0.9,1,0.229751
13:17:27,A116E750,openml,6840,2110817,best_n,0.9,1,0.217193
13:17:27,A116E750,openml,6840,2110933,best_n,0.9,1,0.219155
13:17:27,A116E750,openml,6840,2112642,best_n,0.9,1,0.231159
13:19:52,E7A4CAB2,openml,5804,36487,oracle,0.5,1,1.746366
13:19:52,E7A4CAB2,openml,5909,36567,oracle,0.5,1,2.142446
13:19:52,E7A4CAB2,openml,5910,36868,oracle,0.5,1,1.565369
13:19:52,E7A4CAB2,openml,5913,43851,oracle,0.5,1,2.581286
13:19:52,E7A4CAB2,openml,5914,44102,oracle,0.5,1,9.982215
13:19:52,E7A4CAB2,openml,5909,47569,oracle,0.5,1,2.120681
13:19:52,E7A4CAB2,openml,5909,47570,oracle,0.5,1,2.120677
13:19:52,E7A4CAB2,openml,5909,47571,oracle,0.5,1,2.104602
13:19:52,E7A4CAB2,openml,5909,47572,oracle,0.5,1,2.095371
13:19:52,E7A4CAB2,openml,5909,47573,oracle,0.5,1,2.096649
13:19:52,E7A4CAB2,openml,5909,47574,oracle,0.5,1,2.110194
13:19:52,E7A4CAB2,openml,5909,47575,oracle,0.5,1,2.084423
13:19:52,E7A4CAB2,openml,5909,47576,oracle,0.5,1,2.119075
13:19:52,E7A4CAB2,openml,6269,182594,oracle,0.5,0,0.582172
13:19:52,E7A4CAB2,openml,6268,184535,oracle,0.5,1,1.343236
13:19:52,E7A4CAB2,openml,6268,215937,oracle,0.5,1,1.146336
13:19:52,E7A4CAB2,openml,6268,215938,oracle,0.5,1,1.145297
13:19:52,E7A4CAB2,openml,5804,216560,oracle,0.5,1,0.533955
13:19:52,E7A4CAB2,openml,5804,216646,oracle,0.5,1,1.732982
13:19:52,E7A4CAB2,openml,5804,216682,oracle,0.5,1,2.193081
13:19:52,E7A4CAB2,openml,5804,216692,oracle,0.5,1,2.260672
13:19:52,E7A4CAB2,openml,5804,216704,oracle,0.5,1,1.732976
13:19:52,E7A4CAB2,openml,5804,216706,oracle,0.5,1,1.877249
13:19:52,E7A4CAB2,openml,5804,216707,oracle,0.5,1,2.76698
13:19:52,E7A4CAB2,openml,5804,216707,oracle,0.5,1,2.755293
13:19:52,E7A4CAB2,openml,5804,216708,oracle,0.5,1,2.214299
13:19:52,E7A4CAB2,openml,5804,216709,oracle,0.5,1,1.855112
13:19:52,E7A4CAB2,openml,5804,216710,oracle,0.5,1,2.746259
13:19:52,E7A4CAB2,openml,5804,216721,oracle,0.5,1,1.845441
13:19:52,E7A4CAB2,openml,5804,216722,oracle,0.5,1,2.031401
13:19:52,E7A4CAB2,openml,5995,216723,oracle,0.5,1,5.427002
13:19:52,E7A4CAB2,openml,5804,216724,oracle,0.5,1,3.686115
13:19:52,E7A4CAB2,openml,5804,217072,oracle,0.5,1,2.131548
13:19:52,E7A4CAB2,openml,5804,217116,oracle,0.5,1,1.933482
13:19:52,E7A4CAB2,openml,5804,220204,oracle,0.5,1,2.014166
13:19:52,E7A4CAB2,openml,6334,298327,oracle,0.5,1,0.226304
13:19:52,E7A4CAB2,openml,6840,1844809,oracle,0.5,1,0.227726
13:19:52,E7A4CAB2,openml,6840,1846935,oracle,0.5,1,0.234105
13:19:52,E7A4CAB2,openml,6840,1846979,oracle,0.5,1,0.223502
13:19:52,E7A4CAB2,openml,6840,1847182,oracle,0.5,1,0.228462
13:19:52,E7A4CAB2,openml,6840,1849492,oracle,0.5,1,0.221751
13:19:52,E7A4CAB2,openml,6840,1852280,oracle,0.5,1,0.231934
13:19:52,E7A4CAB2,openml,6840,1867697,oracle,0.5,1,0.231399
13:19:52,E7A4CAB2,openml,6840,1868005,oracle,0.5,1,0.218577
13:19:52,E7A4CAB2,openml,6840,1868135,oracle,0.5,1,0.23993
13:19:52,E7A4CAB2,openml,6840,1868388,oracle,0.5,1,0.217873
13:19:52,E7A4CAB2,openml,6840,1868606,oracle,0.5,1,0.232468
13:19:52,E7A4CAB2,openml,6840,1868916,oracle,0.5,1,0.215068
13:19:52,E7A4CAB2,openml,6840,1868942,oracle,0.5,1,0.226532
13:19:52,E7A4CAB2,openml,6840,1869641,oracle,0.5,1,0.217689
13:19:52,E7A4CAB2,openml,6840,1870010,oracle,0.5,1,0.224134
13:19:52,E7A4CAB2,openml,6840,1870505,oracle,0.5,1,0.215177
13:19:52,E7A4CAB2,openml,6840,1870758,oracle,0.5,1,0.220661
13:19:52,E7A4CAB2,openml,6840,1873562,oracle,0.5,1,0.216163
13:19:52,E7A4CAB2,openml,6840,1874550,oracle,0.5,1,0.216342
13:19:52,E7A4CAB2,openml,6840,1875280,oracle,0.5,1,0.217987
13:19:52,E7A4CAB2,openml,6840,1878141,oracle,0.5,1,0.215485
13:19:52,E7A4CAB2,openml,6840,1883629,oracle,0.5,1,0.219455
13:19:52,E7A4CAB2,openml,6840,1883715,oracle,0.5,1,0.218554
13:19:52,E7A4CAB2,openml,6840,1884130,oracle,0.5,1,0.216893
13:19:52,E7A4CAB2,openml,6840,1885239,oracle,0.5,1,0.219163
13:19:52,E7A4CAB2,openml,6840,1885560,oracle,0.5,1,0.21233
13:19:52,E7A4CAB2,openml,6840,1885569,oracle,0.5,1,0.218719
13:19:52,E7A4CAB2,openml,6840,1885962,oracle,0.5,1,0.227437
13:19:52,E7A4CAB2,openml,6840,1886032,oracle,0.5,1,0.218067
13:19:52,E7A4CAB2,openml,6840,1886747,oracle,0.5,1,0.215581
13:19:52,E7A4CAB2,openml,6840,1887925,oracle,0.5,1,0.21753
13:19:52,E7A4CAB2,openml,6840,1888486,oracle,0.5,1,0.23349
13:19:52,E7A4CAB2,openml,6840,1889505,oracle,0.5,1,0.221426
13:19:52,E7A4CAB2,openml,6840,1890523,oracle,0.5,1,0.224227
13:19:52,E7A4CAB2,openml,6840,1890623,oracle,0.5,1,0.235104
13:19:52,E7A4CAB2,openml,6840,1890676,oracle,0.5,1,0.225727
13:19:52,E7A4CAB2,openml,6840,1890809,oracle,0.5,1,0.234579
13:19:52,E7A4CAB2,openml,6840,1890929,oracle,0.5,1,0.217536
13:19:52,E7A4CAB2,openml,6840,1891139,oracle,0.5,1,0.229376
13:19:52,E7A4CAB2,openml,6840,1891730,oracle,0.5,1,0.219285
13:19:52,E7A4CAB2,openml,6840,1891736,oracle,0.5,1,0.217156
13:19:52,E7A4CAB2,openml,6840,1893096,oracle,0.5,1,0.216839
13:19:52,E7A4CAB2,openml,6840,1895371,oracle,0.5,1,0.220757
13:19:52,E7A4CAB2,openml,6840,1897009,oracle,0.5,1,0.218894
13:19:52,E7A4CAB2,openml,6840,1897209,oracle,0.5,1,0.227245
13:19:52,E7A4CAB2,openml,6840,1897596,oracle,0.5,1,0.2309
13:19:52,E7A4CAB2,openml,6840,1899021,oracle,0.5,1,0.222408
13:19:52,E7A4CAB2,openml,6840,1899026,oracle,0.5,1,0.235547
13:19:52,E7A4CAB2,openml,6840,1899413,oracle,0.5,1,0.221327
13:19:52,E7A4CAB2,openml,6840,1900647,oracle,0.5,1,0.219006
13:19:52,E7A4CAB2,openml,6840,1900736,oracle,0.5,1,0.219886
13:19:52,E7A4CAB2,openml,6840,1909396,oracle,0.5,1,0.23064
13:19:52,E7A4CAB2,openml,6840,1909740,oracle,0.5,1,0.213721
13:19:52,E7A4CAB2,openml,6840,1910907,oracle,0.5,1,0.223682
13:19:52,E7A4CAB2,openml,6840,1914320,oracle,0.5,1,0.229013
13:19:52,E7A4CAB2,openml,6840,1914513,oracle,0.5,1,0.217082
13:19:52,E7A4CAB2,openml,6840,1915082,oracle,0.5,1,0.228361
13:19:52,E7A4CAB2,openml,6840,1915312,oracle,0.5,1,0.219923
13:19:52,E7A4CAB2,openml,6840,2003815,oracle,0.5,1,0.218637
13:19:52,E7A4CAB2,openml,6840,2004385,oracle,0.5,1,0.214809
13:19:52,E7A4CAB2,openml,6840,2005862,oracle,0.5,1,0.215822
13:19:52,E7A4CAB2,openml,6840,2007754,oracle,0.5,1,0.23429
13:19:52,E7A4CAB2,openml,6840,2008645,oracle,0.5,1,0.217081
13:19:52,E7A4CAB2,openml,6840,2009132,oracle,0.5,1,0.215442
13:19:52,E7A4CAB2,openml,6840,2009486,oracle,0.5,1,0.215402
13:19:52,E7A4CAB2,openml,6840,2009612,oracle,0.5,1,0.230036
13:19:52,E7A4CAB2,openml,6840,2009881,oracle,0.5,1,0.217805
13:19:52,E7A4CAB2,openml,6840,2011406,oracle,0.5,1,0.219504
13:19:52,E7A4CAB2,openml,6840,2014063,oracle,0.5,1,0.217646
13:19:52,E7A4CAB2,openml,6840,2014154,oracle,0.5,1,0.232867
13:19:52,E7A4CAB2,openml,6840,2014820,oracle,0.5,1,0.225306
13:19:52,E7A4CAB2,openml,6840,2016788,oracle,0.5,1,0.217249
13:19:52,E7A4CAB2,openml,6840,2016799,oracle,0.5,1,0.219135
13:19:52,E7A4CAB2,openml,6840,2016875,oracle,0.5,1,0.22894
13:19:52,E7A4CAB2,openml,6840,2016927,oracle,0.5,1,0.216887
13:19:52,E7A4CAB2,openml,6840,2018301,oracle,0.5,1,0.229381
13:19:52,E7A4CAB2,openml,6840,2019896,oracle,0.5,1,0.231157
13:19:52,E7A4CAB2,openml,6840,2020830,oracle,0.5,1,0.219349
13:19:52,E7A4CAB2,openml,6840,2022155,oracle,0.5,1,0.216747
13:19:52,E7A4CAB2,openml,6840,2023109,oracle,0.5,1,0.236109
13:19:52,E7A4CAB2,openml,6840,2023812,oracle,0.5,1,0.232742
13:19:52,E7A4CAB2,openml,6840,2024409,oracle,0.5,1,0.224969
13:19:52,E7A4CAB2,openml,6840,2024779,oracle,0.5,1,0.233288
13:19:52,E7A4CAB2,openml,6840,2025698,oracle,0.5,1,0.217882
13:19:52,E7A4CAB2,openml,6840,2025826,oracle,0.5,1,0.230695
13:19:52,E7A4CAB2,openml,6840,2027877,oracle,0.5,1,0.2315
13:19:52,E7A4CAB2,openml,6840,2028414,oracle,0.5,1,0.229607
13:19:52,E7A4CAB2,openml,6840,2028432,oracle,0.5,1,0.2342
13:19:52,E7A4CAB2,openml,6840,2029915,oracle,0.5,1,0.220864
13:19:52,E7A4CAB2,openml,6840,2030442,oracle,0.5,1,0.217426
13:19:52,E7A4CAB2,openml,6840,2030450,oracle,0.5,1,0.217221
13:19:52,E7A4CAB2,openml,6840,2031165,oracle,0.5,1,0.220078
13:19:52,E7A4CAB2,openml,6840,2031278,oracle,0.5,1,0.21874
13:19:52,E7A4CAB2,openml,6840,2031395,oracle,0.5,1,0.228154
13:19:52,E7A4CAB2,openml,6840,2031402,oracle,0.5,1,0.22945
13:19:52,E7A4CAB2,openml,6840,2031569,oracle,0.5,1,0.216049
13:19:52,E7A4CAB2,openml,6840,2032497,oracle,0.5,1,0.21582
13:19:52,E7A4CAB2,openml,6840,2033564,oracle,0.5,1,0.230603
13:19:52,E7A4CAB2,openml,6840,2034884,oracle,0.5,1,0.231135
13:19:52,E7A4CAB2,openml,6840,2035473,oracle,0.5,1,0.216124
13:19:52,E7A4CAB2,openml,6840,2035623,oracle,0.5,1,0.222595
13:19:52,E7A4CAB2,openml,6840,2036364,oracle,0.5,1,0.22736
13:19:52,E7A4CAB2,openml,6840,2037267,oracle,0.5,1,0.221571
13:19:52,E7A4CAB2,openml,6840,2037436,oracle,0.5,1,0.215911
13:19:52,E7A4CAB2,openml,6840,2037958,oracle,0.5,1,0.21973
13:19:52,E7A4CAB2,openml,6840,2040067,oracle,0.5,1,0.21765
13:19:52,E7A4CAB2,openml,6840,2040976,oracle,0.5,1,0.230655
13:19:52,E7A4CAB2,openml,6840,2041466,oracle,0.5,1,0.215832
13:19:52,E7A4CAB2,openml,6840,2042180,oracle,0.5,1,0.22819
13:19:52,E7A4CAB2,openml,6840,2042330,oracle,0.5,1,0.232493
13:19:52,E7A4CAB2,openml,6840,2043290,oracle,0.5,1,0.220911
13:19:52,E7A4CAB2,openml,6840,2045194,oracle,0.5,1,0.229154
13:19:52,E7A4CAB2,openml,6840,2045412,oracle,0.5,1,0.219991
13:19:52,E7A4CAB2,openml,6840,2046354,oracle,0.5,1,0.222573
13:19:52,E7A4CAB2,openml,6840,2048899,oracle,0.5,1,0.232574
13:19:52,E7A4CAB2,openml,6840,2051605,oracle,0.5,1,0.236473
13:19:52,E7A4CAB2,openml,6840,2051992,oracle,0.5,1,0.214627
13:19:52,E7A4CAB2,openml,6840,2053979,oracle,0.5,1,0.2298
13:19:52,E7A4CAB2,openml,6840,2056968,oracle,0.5,1,0.216809
13:19:52,E7A4CAB2,openml,6840,2057088,oracle,0.5,1,0.217104
13:19:52,E7A4CAB2,openml,6840,2058244,oracle,0.5,1,0.22904
13:19:52,E7A4CAB2,openml,6840,2058504,oracle,0.5,1,0.228174
13:19:52,E7A4CAB2,openml,6840,2061119,oracle,0.5,1,0.233023
13:19:52,E7A4CAB2,openml,6840,2061179,oracle,0.5,1,0.214032
13:19:52,E7A4CAB2,openml,6840,2061374,oracle,0.5,1,0.229222
13:19:52,E7A4CAB2,openml,6840,2063598,oracle,0.5,1,0.235741
13:19:52,E7A4CAB2,openml,6840,2064257,oracle,0.5,1,0.231275
13:19:52,E7A4CAB2,openml,6840,2064483,oracle,0.5,1,0.220427
13:19:52,E7A4CAB2,openml,6840,2064743,oracle,0.5,1,0.217761
13:19:52,E7A4CAB2,openml,6840,2065036,oracle,0.5,1,0.21983
13:19:52,E7A4CAB2,openml,6840,2067330,oracle,0.5,1,0.223396
13:19:52,E7A4CAB2,openml,6840,2068814,oracle,0.5,1,0.235077
13:19:52,E7A4CAB2,openml,6840,2069481,oracle,0.5,1,0.220494
13:19:52,E7A4CAB2,openml,6840,2070531,oracle,0.5,1,0.229127
13:19:52,E7A4CAB2,openml,6840,2070971,oracle,0.5,1,0.220743
13:19:52,E7A4CAB2,openml,6840,2072798,oracle,0.5,1,0.216566
13:19:52,E7A4CAB2,openml,6840,2074862,oracle,0.5,1,0.214914
13:19:52,E7A4CAB2,openml,6840,2076252,oracle,0.5,1,0.216504
13:19:52,E7A4CAB2,openml,6840,2078341,oracle,0.5,1,0.216372
13:19:52,E7A4CAB2,openml,6840,2078664,oracle,0.5,1,0.216499
13:19:52,E7A4CAB2,openml,6840,2081962,oracle,0.5,1,0.230706
13:19:52,E7A4CAB2,openml,6840,2081966,oracle,0.5,1,0.214149
13:19:52,E7A4CAB2,openml,6840,2082006,oracle,0.5,1,0.214093
13:19:52,E7A4CAB2,openml,6840,2083021,oracle,0.5,1,0.232001
13:19:52,E7A4CAB2,openml,6840,2083516,oracle,0.5,1,0.218102
13:19:52,E7A4CAB2,openml,6840,2086503,oracle,0.5,1,0.215205
13:19:52,E7A4CAB2,openml,6840,2088600,oracle,0.5,1,0.21728
13:19:52,E7A4CAB2,openml,6840,2088667,oracle,0.5,1,0.224059
13:19:52,E7A4CAB2,openml,6840,2088799,oracle,0.5,1,0.232823
13:19:52,E7A4CAB2,openml,6840,2089721,oracle,0.5,1,0.230597
13:19:52,E7A4CAB2,openml,6840,2089944,oracle,0.5,1,0.214584
13:19:52,E7A4CAB2,openml,6840,2090890,oracle,0.5,1,0.216015
13:19:52,E7A4CAB2,openml,6840,2093700,oracle,0.5,1,0.228564
13:19:52,E7A4CAB2,openml,6840,2094623,oracle,0.5,1,0.229961
13:19:52,E7A4CAB2,openml,6840,2094784,oracle,0.5,1,0.22594
13:19:52,E7A4CAB2,openml,6840,2097218,oracle,0.5,1,0.216903
13:19:52,E7A4CAB2,openml,6840,2098799,oracle,0.5,1,0.217263
13:19:52,E7A4CAB2,openml,6840,2100573,oracle,0.5,1,0.226428
13:19:52,E7A4CAB2,openml,6840,2105544,oracle,0.5,1,0.226119
13:19:52,E7A4CAB2,openml,6840,2106602,oracle,0.5,1,0.22058
13:19:52,E7A4CAB2,openml,6840,2109921,oracle,0.5,1,0.231476
13:19:52,E7A4CAB2,openml,6840,2110817,oracle,0.5,1,0.224177
13:19:52,E7A4CAB2,openml,6840,2110933,oracle,0.5,1,0.220254
13:19:52,E7A4CAB2,openml,6840,2112642,oracle,0.5,1,0.227434
