14:21:03,FC2D762C,openml,5804,36487,optimized,2097152.0,0.8,1.77904
14:21:03,FC2D762C,openml,5909,36567,optimized,2097152.0,0.8,1.68979
14:21:03,FC2D762C,openml,5910,36868,optimized,2097152.0,0.79,0.810983
14:21:03,FC2D762C,openml,5913,43851,optimized,2097152.0,0.71,1.546204
14:21:03,FC2D762C,openml,5914,44102,optimized,2097152.0,0.7,19.398902
14:21:03,FC2D762C,openml,5909,47569,optimized,2097152.0,0.8,1.814401
14:21:03,FC2D762C,openml,5909,47570,optimized,2097152.0,0.8,1.709582
14:21:03,FC2D762C,openml,5909,47571,optimized,2097152.0,0.8,1.558558
14:21:03,FC2D762C,openml,5909,47572,optimized,2097152.0,0.8,1.558982
14:21:03,FC2D762C,openml,5909,47573,optimized,2097152.0,0.8,1.831713
14:21:03,FC2D762C,openml,5909,47574,optimized,2097152.0,0.8,1.582439
14:21:03,FC2D762C,openml,5909,47575,optimized,2097152.0,0.8,1.599475
14:21:03,FC2D762C,openml,5909,47576,optimized,2097152.0,0.8,1.69569
14:21:03,FC2D762C,openml,6269,182594,optimized,2097152.0,0.8,0.28956
14:21:03,FC2D762C,openml,6268,184535,optimized,2097152.0,0.82,1.081446
14:21:03,FC2D762C,openml,6268,215937,optimized,2097152.0,0.81,1.066566
14:21:03,FC2D762C,openml,6268,215938,optimized,2097152.0,0.81,1.17117
14:21:03,FC2D762C,openml,5804,216560,optimized,2097152.0,0.78,0.323577
14:21:03,FC2D762C,openml,5804,216646,optimized,2097152.0,0.8,1.671761
14:21:03,FC2D762C,openml,5804,216682,optimized,2097152.0,0.79,2.232578
14:21:03,FC2D762C,openml,5804,216692,optimized,2097152.0,0.81,2.276507
14:21:03,FC2D762C,openml,5804,216704,optimized,2097152.0,0.79,1.591331
14:21:03,FC2D762C,openml,5804,216706,optimized,2097152.0,0.79,1.777299
14:21:03,FC2D762C,openml,5804,216707,optimized,2097152.0,0.79,2.690992
14:21:03,FC2D762C,openml,5804,216707,optimized,2097152.0,0.79,0.016133
14:21:03,FC2D762C,openml,5804,216708,optimized,2097152.0,0.8,1.61511
14:21:03,FC2D762C,openml,5804,216709,optimized,2097152.0,0.79,1.777241
14:21:03,FC2D762C,openml,5804,216710,optimized,2097152.0,0.78,2.697981
14:21:03,FC2D762C,openml,5804,216721,optimized,2097152.0,0.8,1.759292
14:21:03,FC2D762C,openml,5804,216722,optimized,2097152.0,0.8,1.434084
14:21:03,FC2D762C,openml,5995,216723,optimized,2097152.0,0.72,6.069985
14:21:03,FC2D762C,openml,5804,216724,optimized,2097152.0,0.79,3.786666
14:21:03,FC2D762C,openml,5804,217072,optimized,2097152.0,0.8,1.817897
14:21:03,FC2D762C,openml,5804,217116,optimized,2097152.0,0.78,1.717424
14:21:03,FC2D762C,openml,5804,220204,optimized,2097152.0,0.78,1.836274
14:21:03,FC2D762C,openml,6334,298327,optimized,2097152.0,0.8,0.019863
14:21:03,FC2D762C,openml,6840,1844809,optimized,2097152.0,0.7,0.02231
14:21:03,FC2D762C,openml,6840,1846935,optimized,2097152.0,0.7,0.018204
14:21:03,FC2D762C,openml,6840,1846979,optimized,2097152.0,0.7,0.020178
14:21:03,FC2D762C,openml,6840,1847182,optimized,2097152.0,0.7,0.015791
14:21:03,FC2D762C,openml,6840,1849492,optimized,2097152.0,0.7,0.016275
14:21:03,FC2D762C,openml,6840,1852280,optimized,2097152.0,0.7,0.016081
14:21:03,FC2D762C,openml,6840,1867697,optimized,2097152.0,0.7,0.015816
14:21:03,FC2D762C,openml,6840,1868005,optimized,2097152.0,0.7,0.01573
14:21:03,FC2D762C,openml,6840,1868135,optimized,2097152.0,0.7,0.015519
14:21:03,FC2D762C,openml,6840,1868388,optimized,2097152.0,0.7,0.015517
14:21:03,FC2D762C,openml,6840,1868606,optimized,2097152.0,0.7,0.015748
14:21:03,FC2D762C,openml,6840,1868916,optimized,2097152.0,0.7,0.015858
14:21:03,FC2D762C,openml,6840,1868942,optimized,2097152.0,0.7,0.015976
14:21:03,FC2D762C,openml,6840,1869641,optimized,2097152.0,0.7,0.020688
14:21:03,FC2D762C,openml,6840,1870010,optimized,2097152.0,0.7,0.015441
14:21:03,FC2D762C,openml,6840,1870505,optimized,2097152.0,0.7,0.015487
14:21:03,FC2D762C,openml,6840,1870758,optimized,2097152.0,0.7,0.015967
14:21:03,FC2D762C,openml,6840,1873562,optimized,2097152.0,0.7,0.017275
14:21:03,FC2D762C,openml,6840,1874550,optimized,2097152.0,0.7,0.016138
14:21:03,FC2D762C,openml,6840,1875280,optimized,2097152.0,0.7,0.015759
14:21:03,FC2D762C,openml,6840,1878141,optimized,2097152.0,0.7,0.015613
14:21:03,FC2D762C,openml,6840,1883629,optimized,2097152.0,0.7,0.016055
14:21:03,FC2D762C,openml,6840,1883715,optimized,2097152.0,0.7,0.016005
14:21:03,FC2D762C,openml,6840,1884130,optimized,2097152.0,0.7,0.016074
14:21:03,FC2D762C,openml,6840,1885239,optimized,2097152.0,0.7,0.015891
14:21:03,FC2D762C,openml,6840,1885560,optimized,2097152.0,0.7,0.01575
14:21:03,FC2D762C,openml,6840,1885569,optimized,2097152.0,0.7,0.015816
14:21:03,FC2D762C,openml,6840,1885962,optimized,2097152.0,0.7,0.015593
14:21:03,FC2D762C,openml,6840,1886032,optimized,2097152.0,0.7,0.015537
14:21:03,FC2D762C,openml,6840,1886747,optimized,2097152.0,0.7,0.015803
14:21:03,FC2D762C,openml,6840,1887925,optimized,2097152.0,0.7,0.015768
14:21:03,FC2D762C,openml,6840,1888486,optimized,2097152.0,0.7,0.015476
14:21:03,FC2D762C,openml,6840,1889505,optimized,2097152.0,0.7,0.015472
14:21:03,FC2D762C,openml,6840,1890523,optimized,2097152.0,0.7,0.015464
14:21:03,FC2D762C,openml,6840,1890623,optimized,2097152.0,0.7,0.016256
14:21:03,FC2D762C,openml,6840,1890676,optimized,2097152.0,0.7,0.015491
14:21:03,FC2D762C,openml,6840,1890809,optimized,2097152.0,0.7,0.01588
14:21:03,FC2D762C,openml,6840,1890929,optimized,2097152.0,0.7,0.015912
14:21:03,FC2D762C,openml,6840,1891139,optimized,2097152.0,0.7,0.015489
14:21:03,FC2D762C,openml,6840,1891730,optimized,2097152.0,0.7,0.015497
14:21:03,FC2D762C,openml,6840,1891736,optimized,2097152.0,0.7,0.015433
14:21:03,FC2D762C,openml,6840,1893096,optimized,2097152.0,0.7,0.01543
14:21:03,FC2D762C,openml,6840,1895371,optimized,2097152.0,0.7,0.015834
14:21:03,FC2D762C,openml,6840,1897009,optimized,2097152.0,0.7,0.015408
14:21:03,FC2D762C,openml,6840,1897209,optimized,2097152.0,0.7,0.016647
14:21:03,FC2D762C,openml,6840,1897596,optimized,2097152.0,0.7,0.015944
14:21:03,FC2D762C,openml,6840,1899021,optimized,2097152.0,0.7,0.016023
14:21:03,FC2D762C,openml,6840,1899026,optimized,2097152.0,0.7,0.015957
14:21:03,FC2D762C,openml,6840,1899413,optimized,2097152.0,0.7,0.015641
14:21:03,FC2D762C,openml,6840,1900647,optimized,2097152.0,0.7,0.015964
14:21:03,FC2D762C,openml,6840,1900736,optimized,2097152.0,0.7,0.015471
14:21:03,FC2D762C,openml,6840,1909396,optimized,2097152.0,0.7,0.015883
14:21:03,FC2D762C,openml,6840,1909740,optimized,2097152.0,0.7,0.01541
14:21:03,FC2D762C,openml,6840,1910907,optimized,2097152.0,0.7,0.015762
14:21:03,FC2D762C,openml,6840,1914320,optimized,2097152.0,0.7,0.015817
14:21:03,FC2D762C,openml,6840,1914513,optimized,2097152.0,0.7,0.016129
14:21:03,FC2D762C,openml,6840,1915082,optimized,2097152.0,0.7,0.015817
14:21:03,FC2D762C,openml,6840,1915312,optimized,2097152.0,0.7,0.015703
14:21:03,FC2D762C,openml,6840,2003815,optimized,2097152.0,0.7,0.015862
14:21:03,FC2D762C,openml,6840,2004385,optimized,2097152.0,0.7,0.015358
14:21:03,FC2D762C,openml,6840,2005862,optimized,2097152.0,0.7,0.015777
14:21:03,FC2D762C,openml,6840,2007754,optimized,2097152.0,0.7,0.015404
14:21:03,FC2D762C,openml,6840,2008645,optimized,2097152.0,0.7,0.015398
14:21:03,FC2D762C,openml,6840,2009132,optimized,2097152.0,0.7,0.015356
14:21:03,FC2D762C,openml,6840,2009486,optimized,2097152.0,0.7,0.015707
14:21:03,FC2D762C,openml,6840,2009612,optimized,2097152.0,0.7,0.015783
14:21:03,FC2D762C,openml,6840,2009881,optimized,2097152.0,0.7,0.015366
14:21:03,FC2D762C,openml,6840,2011406,optimized,2097152.0,0.7,0.015396
14:21:03,FC2D762C,openml,6840,2014063,optimized,2097152.0,0.7,0.015703
14:21:03,FC2D762C,openml,6840,2014154,optimized,2097152.0,0.7,0.015389
14:21:03,FC2D762C,openml,6840,2014820,optimized,2097152.0,0.7,0.015782
14:21:03,FC2D762C,openml,6840,2016788,optimized,2097152.0,0.7,0.015843
14:21:03,FC2D762C,openml,6840,2016799,optimized,2097152.0,0.7,0.015776
14:21:03,FC2D762C,openml,6840,2016875,optimized,2097152.0,0.7,0.015331
14:21:03,FC2D762C,openml,6840,2016927,optimized,2097152.0,0.7,0.015661
14:21:03,FC2D762C,openml,6840,2018301,optimized,2097152.0,0.7,0.015385
14:21:03,FC2D762C,openml,6840,2019896,optimized,2097152.0,0.7,0.015682
14:21:03,FC2D762C,openml,6840,2020830,optimized,2097152.0,0.7,0.015723
14:21:03,FC2D762C,openml,6840,2022155,optimized,2097152.0,0.7,0.015848
14:21:03,FC2D762C,openml,6840,2023109,optimized,2097152.0,0.7,0.015879
14:21:03,FC2D762C,openml,6840,2023812,optimized,2097152.0,0.7,0.0154
14:21:03,FC2D762C,openml,6840,2024409,optimized,2097152.0,0.7,0.015414
14:21:03,FC2D762C,openml,6840,2024779,optimized,2097152.0,0.7,0.015371
14:21:03,FC2D762C,openml,6840,2025698,optimized,2097152.0,0.7,0.015758
14:21:03,FC2D762C,openml,6840,2025826,optimized,2097152.0,0.7,0.015329
14:21:03,FC2D762C,openml,6840,2027877,optimized,2097152.0,0.7,0.015677
14:21:03,FC2D762C,openml,6840,2028414,optimized,2097152.0,0.7,0.015398
14:21:03,FC2D762C,openml,6840,2028432,optimized,2097152.0,0.7,0.01576
14:21:03,FC2D762C,openml,6840,2029915,optimized,2097152.0,0.7,0.01562
14:21:03,FC2D762C,openml,6840,2030442,optimized,2097152.0,0.7,0.015759
14:21:03,FC2D762C,openml,6840,2030450,optimized,2097152.0,0.7,0.015796
14:21:03,FC2D762C,openml,6840,2031165,optimized,2097152.0,0.7,0.015292
14:21:03,FC2D762C,openml,6840,2031278,optimized,2097152.0,0.7,0.015319
14:21:03,FC2D762C,openml,6840,2031395,optimized,2097152.0,0.7,0.0157
14:21:03,FC2D762C,openml,6840,2031402,optimized,2097152.0,0.7,0.015401
14:21:03,FC2D762C,openml,6840,2031569,optimized,2097152.0,0.7,0.015347
14:21:03,FC2D762C,openml,6840,2032497,optimized,2097152.0,0.7,0.015399
14:21:03,FC2D762C,openml,6840,2033564,optimized,2097152.0,0.7,0.016448
14:21:03,FC2D762C,openml,6840,2034884,optimized,2097152.0,0.7,0.015546
14:21:03,FC2D762C,openml,6840,2035473,optimized,2097152.0,0.7,0.015653
14:21:03,FC2D762C,openml,6840,2035623,optimized,2097152.0,0.7,0.015827
14:21:03,FC2D762C,openml,6840,2036364,optimized,2097152.0,0.7,0.015541
14:21:03,FC2D762C,openml,6840,2037267,optimized,2097152.0,0.7,0.015482
14:21:03,FC2D762C,openml,6840,2037436,optimized,2097152.0,0.7,0.015862
14:21:03,FC2D762C,openml,6840,2037958,optimized,2097152.0,0.7,0.015717
14:21:03,FC2D762C,openml,6840,2040067,optimized,2097152.0,0.7,0.015615
14:21:03,FC2D762C,openml,6840,2040976,optimized,2097152.0,0.7,0.015374
14:21:03,FC2D762C,openml,6840,2041466,optimized,2097152.0,0.7,0.015413
14:21:03,FC2D762C,openml,6840,2042180,optimized,2097152.0,0.7,0.015843
14:21:03,FC2D762C,openml,6840,2042330,optimized,2097152.0,0.7,0.015823
14:21:03,FC2D762C,openml,6840,2043290,optimized,2097152.0,0.7,0.015375
14:21:03,FC2D762C,openml,6840,2045194,optimized,2097152.0,0.7,0.015389
14:21:03,FC2D762C,openml,6840,2045412,optimized,2097152.0,0.7,0.015339
14:21:03,FC2D762C,openml,6840,2046354,optimized,2097152.0,0.7,0.015812
14:21:03,FC2D762C,openml,6840,2048899,optimized,2097152.0,0.7,0.015747
14:21:03,FC2D762C,openml,6840,2051605,optimized,2097152.0,0.7,0.015711
14:21:03,FC2D762C,openml,6840,2051992,optimized,2097152.0,0.7,0.015382
14:21:03,FC2D762C,openml,6840,2053979,optimized,2097152.0,0.7,0.016353
14:21:03,FC2D762C,openml,6840,2056968,optimized,2097152.0,0.7,0.015779
14:21:03,FC2D762C,openml,6840,2057088,optimized,2097152.0,0.7,0.015317
14:21:03,FC2D762C,openml,6840,2058244,optimized,2097152.0,0.7,0.015999
14:21:03,FC2D762C,openml,6840,2058504,optimized,2097152.0,0.7,0.015716
14:21:03,FC2D762C,openml,6840,2061119,optimized,2097152.0,0.7,0.015356
14:21:03,FC2D762C,openml,6840,2061179,optimized,2097152.0,0.7,0.015676
14:21:03,FC2D762C,openml,6840,2061374,optimized,2097152.0,0.7,0.015791
14:21:03,FC2D762C,openml,6840,2063598,optimized,2097152.0,0.7,0.015365
14:21:03,FC2D762C,openml,6840,2064257,optimized,2097152.0,0.7,0.015648
14:21:03,FC2D762C,openml,6840,2064483,optimized,2097152.0,0.7,0.015768
14:21:03,FC2D762C,openml,6840,2064743,optimized,2097152.0,0.7,0.015347
14:21:03,FC2D762C,openml,6840,2065036,optimized,2097152.0,0.7,0.015748
14:21:03,FC2D762C,openml,6840,2067330,optimized,2097152.0,0.7,0.015389
14:21:03,FC2D762C,openml,6840,2068814,optimized,2097152.0,0.7,0.015633
14:21:03,FC2D762C,openml,6840,2069481,optimized,2097152.0,0.7,0.015266
14:21:03,FC2D762C,openml,6840,2070531,optimized,2097152.0,0.7,0.015685
14:21:03,FC2D762C,openml,6840,2070971,optimized,2097152.0,0.7,0.01538
14:21:03,FC2D762C,openml,6840,2072798,optimized,2097152.0,0.7,0.015392
14:21:03,FC2D762C,openml,6840,2074862,optimized,2097152.0,0.7,0.015312
14:21:03,FC2D762C,openml,6840,2076252,optimized,2097152.0,0.7,0.015311
14:21:03,FC2D762C,openml,6840,2078341,optimized,2097152.0,0.7,0.015782
14:21:03,FC2D762C,openml,6840,2078664,optimized,2097152.0,0.7,0.015751
14:21:03,FC2D762C,openml,6840,2081962,optimized,2097152.0,0.7,0.01536
14:21:03,FC2D762C,openml,6840,2081966,optimized,2097152.0,0.7,0.015783
14:21:03,FC2D762C,openml,6840,2082006,optimized,2097152.0,0.7,0.015821
14:21:03,FC2D762C,openml,6840,2083021,optimized,2097152.0,0.7,0.015738
14:21:03,FC2D762C,openml,6840,2083516,optimized,2097152.0,0.7,0.015736
14:21:03,FC2D762C,openml,6840,2086503,optimized,2097152.0,0.7,0.015643
14:21:03,FC2D762C,openml,6840,2088600,optimized,2097152.0,0.7,0.015843
14:21:03,FC2D762C,openml,6840,2088667,optimized,2097152.0,0.7,0.015649
14:21:03,FC2D762C,openml,6840,2088799,optimized,2097152.0,0.7,0.015757
14:21:03,FC2D762C,openml,6840,2089721,optimized,2097152.0,0.7,0.015319
14:21:03,FC2D762C,openml,6840,2089944,optimized,2097152.0,0.7,0.015905
14:21:03,FC2D762C,openml,6840,2090890,optimized,2097152.0,0.7,0.015686
14:21:03,FC2D762C,openml,6840,2093700,optimized,2097152.0,0.7,0.015728
14:21:03,FC2D762C,openml,6840,2094623,optimized,2097152.0,0.7,0.015742
14:21:03,FC2D762C,openml,6840,2094784,optimized,2097152.0,0.7,0.015737
14:21:03,FC2D762C,openml,6840,2097218,optimized,2097152.0,0.7,0.015725
14:21:03,FC2D762C,openml,6840,2098799,optimized,2097152.0,0.7,0.016121
14:21:03,FC2D762C,openml,6840,2100573,optimized,2097152.0,0.7,0.015431
14:21:03,FC2D762C,openml,6840,2105544,optimized,2097152.0,0.7,0.015388
14:21:03,FC2D762C,openml,6840,2106602,optimized,2097152.0,0.7,0.015405
14:21:03,FC2D762C,openml,6840,2109921,optimized,2097152.0,0.7,0.015776
14:21:03,FC2D762C,openml,6840,2110817,optimized,2097152.0,0.7,0.015719
14:21:03,FC2D762C,openml,6840,2110933,optimized,2097152.0,0.7,0.015671
14:21:03,FC2D762C,openml,6840,2112642,optimized,2097152.0,0.7,0.015835
14:21:03,FC2D762C,openml,6840,2113001,optimized,2097152.0,0.7,0.015982
14:21:03,FC2D762C,openml,6840,2113306,optimized,2097152.0,0.7,0.015429
14:21:03,FC2D762C,openml,6840,2113549,optimized,2097152.0,0.7,0.015316
14:21:03,FC2D762C,openml,6840,2113751,optimized,2097152.0,0.7,0.01572
14:21:03,FC2D762C,openml,6840,2114009,optimized,2097152.0,0.7,0.015515
14:21:03,FC2D762C,openml,6840,2114502,optimized,2097152.0,0.7,0.0155
14:21:03,FC2D762C,openml,6840,2114561,optimized,2097152.0,0.7,0.015349
14:21:03,FC2D762C,openml,6840,2115329,optimized,2097152.0,0.7,0.015725
14:21:03,FC2D762C,openml,6840,2117562,optimized,2097152.0,0.7,0.015711
14:21:03,FC2D762C,openml,6840,2118672,optimized,2097152.0,0.7,0.015849
14:21:03,FC2D762C,openml,6840,2120558,optimized,2097152.0,0.7,0.015595
14:21:03,FC2D762C,openml,6840,2121109,optimized,2097152.0,0.7,0.015782
14:21:03,FC2D762C,openml,6840,2124369,optimized,2097152.0,0.7,0.0156
14:21:03,FC2D762C,openml,6840,2124376,optimized,2097152.0,0.7,0.015409
14:21:03,FC2D762C,openml,6840,2125132,optimized,2097152.0,0.7,0.015333
14:21:03,FC2D762C,openml,6840,2132161,optimized,2097152.0,0.7,0.01564
14:21:03,FC2D762C,openml,6840,2132842,optimized,2097152.0,0.7,0.015383
14:21:03,FC2D762C,openml,6840,2132894,optimized,2097152.0,0.7,0.015372
14:21:03,FC2D762C,openml,6840,2132935,optimized,2097152.0,0.7,0.015806
14:21:03,FC2D762C,openml,6840,2133348,optimized,2097152.0,0.7,0.015328
14:21:03,FC2D762C,openml,6840,2135584,optimized,2097152.0,0.7,0.015306
14:21:03,FC2D762C,openml,6840,2136723,optimized,2097152.0,0.7,0.015369
14:21:03,FC2D762C,openml,6840,2137527,optimized,2097152.0,0.7,0.015813
14:21:03,FC2D762C,openml,6840,2138290,optimized,2097152.0,0.7,0.015392
14:21:03,FC2D762C,openml,6840,2138566,optimized,2097152.0,0.7,0.015783
14:21:03,FC2D762C,openml,6840,2141397,optimized,2097152.0,0.7,0.015897
14:21:03,FC2D762C,openml,6840,2141484,optimized,2097152.0,0.7,0.015876
14:21:03,FC2D762C,openml,6840,2141666,optimized,2097152.0,0.7,0.015685
14:21:03,FC2D762C,openml,6840,2143352,optimized,2097152.0,0.7,0.015442
14:21:03,FC2D762C,openml,6840,2143555,optimized,2097152.0,0.7,0.015372
14:21:03,FC2D762C,openml,6840,2143813,optimized,2097152.0,0.7,0.016592
14:21:03,FC2D762C,openml,6840,2145235,optimized,2097152.0,0.7,0.016181
14:21:03,FC2D762C,openml,6840,2145296,optimized,2097152.0,0.7,0.016117
14:21:03,FC2D762C,openml,6840,2145722,optimized,2097152.0,0.7,0.015399
14:21:03,FC2D762C,openml,6840,2148176,optimized,2097152.0,0.7,0.015408
14:21:03,FC2D762C,openml,6840,2148553,optimized,2097152.0,0.7,0.015512
14:21:03,FC2D762C,openml,6840,2148712,optimized,2097152.0,0.7,0.015454
14:21:03,FC2D762C,openml,6840,2149737,optimized,2097152.0,0.7,0.015444
14:21:03,FC2D762C,openml,6840,2151874,optimized,2097152.0,0.7,0.015431
14:21:03,FC2D762C,openml,6840,2153760,optimized,2097152.0,0.7,0.015704
14:21:03,FC2D762C,openml,6840,2154223,optimized,2097152.0,0.7,0.015396
14:21:03,FC2D762C,openml,6840,2154270,optimized,2097152.0,0.7,0.015863
14:21:03,FC2D762C,openml,6840,2154486,optimized,2097152.0,0.7,0.015494
14:21:03,FC2D762C,openml,6840,2155501,optimized,2097152.0,0.7,0.01544
14:21:03,FC2D762C,openml,6840,2155506,optimized,2097152.0,0.7,0.015394
14:21:03,FC2D762C,openml,6840,2155819,optimized,2097152.0,0.7,0.015379
14:21:03,FC2D762C,openml,6840,2156221,optimized,2097152.0,0.7,0.0157
14:21:03,FC2D762C,openml,6840,2157543,optimized,2097152.0,0.7,0.015343
14:21:03,FC2D762C,openml,6840,2159600,optimized,2097152.0,0.7,0.015774
14:21:03,FC2D762C,openml,6840,2159624,optimized,2097152.0,0.7,0.015329
14:21:03,FC2D762C,openml,6840,2159870,optimized,2097152.0,0.7,0.01536
14:21:03,FC2D762C,openml,6840,2160164,optimized,2097152.0,0.7,0.015794
14:21:03,FC2D762C,openml,6840,2160373,optimized,2097152.0,0.7,0.015667
14:21:03,FC2D762C,openml,6840,2162267,optimized,2097152.0,0.7,0.01563
14:21:03,FC2D762C,openml,6840,2162757,optimized,2097152.0,0.7,0.015267
14:21:03,FC2D762C,openml,6840,2163153,optimized,2097152.0,0.7,0.015568
14:21:03,FC2D762C,openml,6840,2163224,optimized,2097152.0,0.7,0.015271
14:21:03,FC2D762C,openml,6840,2163385,optimized,2097152.0,0.7,0.015743
14:21:03,FC2D762C,openml,6840,2165071,optimized,2097152.0,0.7,0.015683
14:21:03,FC2D762C,openml,6840,2165546,optimized,2097152.0,0.7,0.015727
14:21:03,FC2D762C,openml,6840,2166044,optimized,2097152.0,0.7,0.015691
14:21:03,FC2D762C,openml,6840,2167620,optimized,2097152.0,0.7,0.015264
14:21:03,FC2D762C,openml,6840,2168107,optimized,2097152.0,0.7,0.015305
14:21:03,FC2D762C,openml,6840,2168812,optimized,2097152.0,0.7,0.015263
14:21:03,FC2D762C,openml,6840,2171014,optimized,2097152.0,0.7,0.015642
14:21:03,FC2D762C,openml,6840,2171317,optimized,2097152.0,0.7,0.015238
14:21:03,FC2D762C,openml,6840,2171801,optimized,2097152.0,0.7,0.01526
14:21:03,FC2D762C,openml,6840,2171804,optimized,2097152.0,0.7,0.016391
14:21:03,FC2D762C,openml,6840,2173269,optimized,2097152.0,0.7,0.015747
14:21:03,FC2D762C,openml,6840,2173553,optimized,2097152.0,0.7,0.015605
14:21:03,FC2D762C,openml,6840,2174891,optimized,2097152.0,0.7,0.015764
14:21:03,FC2D762C,openml,6840,2175204,optimized,2097152.0,0.7,0.01571
14:21:03,FC2D762C,openml,6840,2175729,optimized,2097152.0,0.7,0.015664
14:21:03,FC2D762C,openml,6840,2176303,optimized,2097152.0,0.7,0.015639
14:21:03,FC2D762C,openml,6840,2176431,optimized,2097152.0,0.7,0.01527
14:21:03,FC2D762C,openml,6840,2177513,optimized,2097152.0,0.7,0.015582
14:21:03,FC2D762C,openml,6840,2179921,optimized,2097152.0,0.7,0.015677
14:21:03,FC2D762C,openml,6840,2180069,optimized,2097152.0,0.7,0.015597
14:21:03,FC2D762C,openml,6840,2180904,optimized,2097152.0,0.7,0.015321
14:21:03,FC2D762C,openml,6840,2181250,optimized,2097152.0,0.7,0.015746
14:21:03,FC2D762C,openml,6840,2182506,optimized,2097152.0,0.7,0.015864
14:21:03,FC2D762C,openml,6840,2182926,optimized,2097152.0,0.7,0.015311
14:21:03,FC2D762C,openml,6840,2184086,optimized,2097152.0,0.7,0.015647
14:21:03,FC2D762C,openml,6840,2184303,optimized,2097152.0,0.7,0.015604
14:21:03,FC2D762C,openml,6840,2189148,optimized,2097152.0,0.7,0.015654
14:21:03,FC2D762C,openml,6840,2189759,optimized,2097152.0,0.7,0.015702
14:21:03,FC2D762C,openml,6840,2190607,optimized,2097152.0,0.7,0.015334
14:21:03,FC2D762C,openml,6840,2190998,optimized,2097152.0,0.7,0.015689
14:21:03,FC2D762C,openml,6840,2191010,optimized,2097152.0,0.7,0.01565
14:21:03,FC2D762C,openml,6840,2192420,optimized,2097152.0,0.7,0.015408
14:21:03,FC2D762C,openml,6840,2192769,optimized,2097152.0,0.7,0.015858
14:21:03,FC2D762C,openml,6840,2193130,optimized,2097152.0,0.7,0.015338
14:21:03,FC2D762C,openml,6840,2193818,optimized,2097152.0,0.7,0.01535
14:21:03,FC2D762C,openml,6840,2193838,optimized,2097152.0,0.7,0.015339
14:21:03,FC2D762C,openml,6840,2193877,optimized,2097152.0,0.7,0.015673
14:21:03,FC2D762C,openml,6840,2194158,optimized,2097152.0,0.7,0.015806
14:21:03,FC2D762C,openml,6840,2195738,optimized,2097152.0,0.7,0.015783
14:21:03,FC2D762C,openml,6840,2199571,optimized,2097152.0,0.7,0.015301
14:21:03,FC2D762C,openml,6840,2206378,optimized,2097152.0,0.7,0.015789
14:21:03,FC2D762C,openml,6840,2207259,optimized,2097152.0,0.7,0.01536
14:21:03,FC2D762C,openml,6840,2207268,optimized,2097152.0,0.7,0.015684
14:21:03,FC2D762C,openml,6840,2208304,optimized,2097152.0,0.7,0.015743
14:21:03,FC2D762C,openml,6840,2209647,optimized,2097152.0,0.7,0.015815
14:21:03,FC2D762C,openml,6840,2210336,optimized,2097152.0,0.7,0.015632
14:21:03,FC2D762C,openml,6840,2210780,optimized,2097152.0,0.7,0.015752
14:21:03,FC2D762C,openml,6840,2212207,optimized,2097152.0,0.7,0.015354
14:21:03,FC2D762C,openml,6840,2213291,optimized,2097152.0,0.7,0.015779
14:21:03,FC2D762C,openml,6840,2214635,optimized,2097152.0,0.7,0.015335
14:21:03,FC2D762C,openml,6840,2217119,optimized,2097152.0,0.7,0.015353
14:21:03,FC2D762C,openml,6840,2222828,optimized,2097152.0,0.7,0.015838
14:21:03,FC2D762C,openml,6840,2222860,optimized,2097152.0,0.7,0.01568
14:21:03,FC2D762C,openml,6840,2223579,optimized,2097152.0,0.7,0.015378
14:21:03,FC2D762C,openml,6840,2223652,optimized,2097152.0,0.7,0.015337
14:21:03,FC2D762C,openml,6840,2223962,optimized,2097152.0,0.7,0.015546
14:21:03,FC2D762C,openml,6840,2226054,optimized,2097152.0,0.7,0.015683
14:21:03,FC2D762C,openml,6840,2227550,optimized,2097152.0,0.7,0.015378
14:21:03,FC2D762C,openml,6840,2227884,optimized,2097152.0,0.7,0.015947
14:21:03,FC2D762C,openml,6840,2228122,optimized,2097152.0,0.7,0.015421
14:21:03,FC2D762C,openml,6840,2230728,optimized,2097152.0,0.7,0.015382
14:21:03,FC2D762C,openml,6840,2525747,optimized,2097152.0,0.7,0.015363
14:21:03,FC2D762C,openml,6840,2525821,optimized,2097152.0,0.7,0.015412
14:21:03,FC2D762C,openml,6840,2527113,optimized,2097152.0,0.7,0.015713
14:21:03,FC2D762C,openml,6840,2527913,optimized,2097152.0,0.7,0.01579
14:21:03,FC2D762C,openml,6840,2527915,optimized,2097152.0,0.7,0.015785
14:21:03,FC2D762C,openml,6840,2528173,optimized,2097152.0,0.7,0.015347
14:21:03,FC2D762C,openml,6840,2528279,optimized,2097152.0,0.7,0.015405
14:21:03,FC2D762C,openml,6840,2528367,optimized,2097152.0,0.7,0.015784
14:21:03,FC2D762C,openml,6840,2528724,optimized,2097152.0,0.7,0.015835
14:21:03,FC2D762C,openml,6840,2529715,optimized,2097152.0,0.7,0.015402
14:21:03,FC2D762C,openml,6840,2530029,optimized,2097152.0,0.7,0.015421
14:21:03,FC2D762C,openml,6840,2530646,optimized,2097152.0,0.7,0.015846
14:21:03,FC2D762C,openml,6840,2531639,optimized,2097152.0,0.7,0.015433
14:21:03,FC2D762C,openml,6840,2532048,optimized,2097152.0,0.7,0.015569
14:21:03,FC2D762C,openml,6840,2532320,optimized,2097152.0,0.7,0.015412
14:21:03,FC2D762C,openml,6840,2532342,optimized,2097152.0,0.7,0.015713
14:21:03,FC2D762C,openml,6840,2532686,optimized,2097152.0,0.7,0.015419
14:21:03,FC2D762C,openml,6840,2534320,optimized,2097152.0,0.7,0.015846
14:21:03,FC2D762C,openml,6840,2534337,optimized,2097152.0,0.7,0.015717
14:21:03,FC2D762C,openml,6840,2534694,optimized,2097152.0,0.7,0.015762
14:21:03,FC2D762C,openml,6840,2535705,optimized,2097152.0,0.7,0.015446
14:21:03,FC2D762C,openml,6840,2536022,optimized,2097152.0,0.7,0.015854
14:21:03,FC2D762C,openml,6840,2536116,optimized,2097152.0,0.7,0.015871
14:21:03,FC2D762C,openml,6840,2536188,optimized,2097152.0,0.7,0.015622
14:21:03,FC2D762C,openml,6840,2536361,optimized,2097152.0,0.7,0.015908
14:21:03,FC2D762C,openml,6840,2537153,optimized,2097152.0,0.7,0.015489
14:21:03,FC2D762C,openml,6840,2537303,optimized,2097152.0,0.7,0.015765
14:21:03,FC2D762C,openml,6840,2537742,optimized,2097152.0,0.7,0.015849
14:21:03,FC2D762C,openml,6840,2537824,optimized,2097152.0,0.7,0.015414
14:21:03,FC2D762C,openml,6840,2537914,optimized,2097152.0,0.7,0.01593
14:21:03,FC2D762C,openml,6840,2537934,optimized,2097152.0,0.7,0.015738
14:21:03,FC2D762C,openml,6840,2537957,optimized,2097152.0,0.7,0.015787
14:21:03,FC2D762C,openml,6840,2538536,optimized,2097152.0,0.7,0.01544
14:21:03,FC2D762C,openml,6840,2539548,optimized,2097152.0,0.7,0.015478
14:21:03,FC2D762C,openml,6840,2540153,optimized,2097152.0,0.7,0.015408
14:21:03,FC2D762C,openml,6840,2540668,optimized,2097152.0,0.7,0.01597
14:21:03,FC2D762C,openml,6840,2541002,optimized,2097152.0,0.7,0.015706
14:21:03,FC2D762C,openml,6840,2541070,optimized,2097152.0,0.7,0.015675
14:21:03,FC2D762C,openml,6840,2541251,optimized,2097152.0,0.7,0.015845
14:21:03,FC2D762C,openml,6840,2541323,optimized,2097152.0,0.7,0.015707
14:21:03,FC2D762C,openml,6840,2542271,optimized,2097152.0,0.7,0.015394
14:21:03,FC2D762C,openml,6840,2543356,optimized,2097152.0,0.7,0.015426
14:21:03,FC2D762C,openml,6840,2543369,optimized,2097152.0,0.7,0.015443
14:21:03,FC2D762C,openml,6840,2544265,optimized,2097152.0,0.7,0.015439
14:21:03,FC2D762C,openml,6840,2544358,optimized,2097152.0,0.7,0.015834
14:21:03,FC2D762C,openml,6840,2544359,optimized,2097152.0,0.7,0.01579
14:21:03,FC2D762C,openml,6840,2544362,optimized,2097152.0,0.7,0.015798
14:21:03,FC2D762C,openml,6840,2544905,optimized,2097152.0,0.7,0.015397
14:21:03,FC2D762C,openml,6840,2544947,optimized,2097152.0,0.7,0.015664
14:21:03,FC2D762C,openml,6840,2545527,optimized,2097152.0,0.7,0.015341
14:21:03,FC2D762C,openml,6840,2545607,optimized,2097152.0,0.7,0.015804
14:21:03,FC2D762C,openml,6840,2546656,optimized,2097152.0,0.7,0.015466
14:21:03,FC2D762C,openml,6840,2546797,optimized,2097152.0,0.7,0.015321
14:21:03,FC2D762C,openml,6840,2547448,optimized,2097152.0,0.7,0.015372
14:21:03,FC2D762C,openml,6840,2547451,optimized,2097152.0,0.7,0.015268
14:21:03,FC2D762C,openml,6840,2547508,optimized,2097152.0,0.7,0.015717
14:21:03,FC2D762C,openml,6840,2547521,optimized,2097152.0,0.7,0.015298
14:21:03,FC2D762C,openml,6840,2548682,optimized,2097152.0,0.7,0.015591
14:21:03,FC2D762C,openml,6958,2597428,optimized,2097152.0,0.7,0.037358
14:21:03,FC2D762C,openml,6954,2605035,optimized,2097152.0,0.7,0.428637
14:21:03,FC2D762C,openml,6954,2605812,optimized,2097152.0,0.7,0.206582
14:21:03,FC2D762C,openml,6954,2618392,optimized,2097152.0,0.63,0.417314
14:21:03,FC2D762C,openml,6954,2627110,optimized,2097152.0,0.7,0.188662
14:21:03,FC2D762C,openml,6954,2642150,optimized,2097152.0,0.7,13.227701
14:21:03,FC2D762C,openml,6954,2728741,optimized,2097152.0,0.7,0.393462
14:21:03,FC2D762C,openml,6954,2728831,optimized,2097152.0,0.7,0.188045
14:21:03,FC2D762C,openml,6946,2746051,optimized,2097152.0,0.7,0.045887
14:21:03,FC2D762C,openml,6946,2762160,optimized,2097152.0,0.7,0.028073
14:21:03,FC2D762C,openml,6970,2817851,optimized,2097152.0,0.7,0.843229
14:21:03,FC2D762C,openml,6970,2818113,optimized,2097152.0,0.7,0.543639
14:21:03,FC2D762C,openml,6970,2818587,optimized,2097152.0,0.7,0.588231
14:21:03,FC2D762C,openml,6970,2822527,optimized,2097152.0,0.7,0.481038
14:21:03,FC2D762C,openml,6970,2823944,optimized,2097152.0,0.7,0.739717
14:21:03,FC2D762C,openml,6970,2830716,optimized,2097152.0,0.7,0.093987
14:21:03,FC2D762C,openml,6970,2832487,optimized,2097152.0,0.7,0.670996
14:21:03,FC2D762C,openml,6970,2832574,optimized,2097152.0,0.7,0.195179
14:21:03,FC2D762C,openml,6970,2836940,optimized,2097152.0,0.7,0.13822
14:21:03,FC2D762C,openml,6970,2837962,optimized,2097152.0,0.7,0.222068
14:21:03,FC2D762C,openml,6970,2841281,optimized,2097152.0,0.7,0.564695
14:21:03,FC2D762C,openml,6970,2846258,optimized,2097152.0,0.7,0.708396
14:21:03,FC2D762C,openml,6970,2847467,optimized,2097152.0,0.7,0.770527
14:21:03,FC2D762C,openml,6970,2847654,optimized,2097152.0,0.7,0.630591
14:21:03,FC2D762C,openml,6970,2848547,optimized,2097152.0,0.7,0.73642
14:21:03,FC2D762C,openml,6970,2851769,optimized,2097152.0,0.7,0.111635
14:21:03,FC2D762C,openml,6970,2855087,optimized,2097152.0,0.7,0.268889
14:21:03,FC2D762C,openml,6970,2857300,optimized,2097152.0,0.7,0.294345
14:21:03,FC2D762C,openml,6970,2859050,optimized,2097152.0,0.7,0.631525
14:21:03,FC2D762C,openml,6970,2864699,optimized,2097152.0,0.7,0.459179
14:21:03,FC2D762C,openml,6970,2866195,optimized,2097152.0,0.7,0.721892
14:21:03,FC2D762C,openml,6970,2872397,optimized,2097152.0,0.7,0.170065
14:21:03,FC2D762C,openml,6970,2872969,optimized,2097152.0,0.7,0.12901
14:21:03,FC2D762C,openml,6970,2877650,optimized,2097152.0,0.7,0.656614
14:21:03,FC2D762C,openml,6970,2883242,optimized,2097152.0,0.7,0.215283
14:21:03,FC2D762C,openml,6970,2884186,optimized,2097152.0,0.7,0.081042
14:21:03,FC2D762C,openml,6970,2888738,optimized,2097152.0,0.7,0.060355
14:21:03,FC2D762C,openml,6970,2888889,optimized,2097152.0,0.7,0.23194
14:21:03,FC2D762C,openml,6970,2890718,optimized,2097152.0,0.7,0.482579
14:21:03,FC2D762C,openml,6970,2894893,optimized,2097152.0,0.7,0.094456
14:21:03,FC2D762C,openml,6970,2895619,optimized,2097152.0,0.7,0.205773
14:21:03,FC2D762C,openml,6970,2901345,optimized,2097152.0,0.7,0.755074
14:21:03,FC2D762C,openml,6970,2903344,optimized,2097152.0,0.7,0.191568
14:21:03,FC2D762C,openml,6970,2904598,optimized,2097152.0,0.7,0.112906
14:21:03,FC2D762C,openml,6970,2909104,optimized,2097152.0,0.7,0.544532
14:21:03,FC2D762C,openml,6970,2910431,optimized,2097152.0,0.7,0.152159
14:21:03,FC2D762C,openml,6970,2914674,optimized,2097152.0,0.7,0.646135
14:21:03,FC2D762C,openml,6970,2917219,optimized,2097152.0,0.7,0.17449
14:21:03,FC2D762C,openml,6970,2918967,optimized,2097152.0,0.7,0.412928
14:21:03,FC2D762C,openml,6970,2921614,optimized,2097152.0,0.7,0.826199
14:21:03,FC2D762C,openml,6970,2925190,optimized,2097152.0,0.7,0.168382
14:21:03,FC2D762C,openml,6970,2927414,optimized,2097152.0,0.7,0.843144
14:21:03,FC2D762C,openml,6970,2928381,optimized,2097152.0,0.7,0.676667
14:21:03,FC2D762C,openml,6970,2939266,optimized,2097152.0,0.7,0.452386
14:21:03,FC2D762C,openml,6970,2939306,optimized,2097152.0,0.7,0.275593
14:21:03,FC2D762C,openml,6970,2940546,optimized,2097152.0,0.7,0.38515
14:21:03,FC2D762C,openml,6970,2941893,optimized,2097152.0,0.7,0.341731
14:21:03,FC2D762C,openml,6970,2946221,optimized,2097152.0,0.7,0.202414
14:21:03,FC2D762C,openml,6970,2950700,optimized,2097152.0,0.7,0.145732
14:21:03,FC2D762C,openml,6970,2955536,optimized,2097152.0,0.7,0.139051
14:21:03,FC2D762C,openml,6970,2956151,optimized,2097152.0,0.7,0.476615
14:21:03,FC2D762C,openml,6970,2956245,optimized,2097152.0,0.7,0.304111
14:21:03,FC2D762C,openml,6970,2960526,optimized,2097152.0,0.7,0.115919
14:21:03,FC2D762C,openml,6970,2964848,optimized,2097152.0,0.7,0.669775
14:21:03,FC2D762C,openml,6970,2968912,optimized,2097152.0,0.7,0.18828
14:21:03,FC2D762C,openml,6970,2972917,optimized,2097152.0,0.7,0.227086
14:21:03,FC2D762C,openml,6970,2974586,optimized,2097152.0,0.7,0.097036
14:21:03,FC2D762C,openml,6970,2975565,optimized,2097152.0,0.7,0.819031
14:21:03,FC2D762C,openml,6970,2977881,optimized,2097152.0,0.7,0.662588
14:21:03,FC2D762C,openml,6970,2980562,optimized,2097152.0,0.7,0.253857
14:21:03,FC2D762C,openml,6970,2983648,optimized,2097152.0,0.7,0.078053
14:21:03,FC2D762C,openml,6970,2985505,optimized,2097152.0,0.7,0.153192
14:21:03,FC2D762C,openml,6970,2989985,optimized,2097152.0,0.7,0.265594
14:21:03,FC2D762C,openml,6970,2992782,optimized,2097152.0,0.7,0.746456
14:21:03,FC2D762C,openml,6970,2998887,optimized,2097152.0,0.7,0.260161
14:21:03,FC2D762C,openml,6970,3000143,optimized,2097152.0,0.7,0.698073
14:21:03,FC2D762C,openml,6970,3001590,optimized,2097152.0,0.7,0.084248
14:21:03,FC2D762C,openml,6970,3005650,optimized,2097152.0,0.7,0.589242
14:21:03,FC2D762C,openml,6970,3008186,optimized,2097152.0,0.7,0.308738
14:21:03,FC2D762C,openml,6970,3010907,optimized,2097152.0,0.7,0.378865
14:21:03,FC2D762C,openml,6970,3013507,optimized,2097152.0,0.7,0.108862
14:21:03,FC2D762C,openml,6970,3014668,optimized,2097152.0,0.7,0.17246
14:21:03,FC2D762C,openml,6970,3019444,optimized,2097152.0,0.7,0.421321
14:21:03,FC2D762C,openml,6970,3022497,optimized,2097152.0,0.7,0.344337
14:21:03,FC2D762C,openml,6970,3024053,optimized,2097152.0,0.7,0.405508
14:21:03,FC2D762C,openml,6970,3025569,optimized,2097152.0,0.7,0.228208
14:21:03,FC2D762C,openml,6970,3030665,optimized,2097152.0,0.7,0.233646
14:21:03,FC2D762C,openml,6970,3031155,optimized,2097152.0,0.7,0.127687
14:21:03,FC2D762C,openml,6970,3032407,optimized,2097152.0,0.7,0.274345
14:21:03,FC2D762C,openml,6969,3717412,optimized,2097152.0,0.74,0.348742
14:21:03,FC2D762C,openml,6969,3717421,optimized,2097152.0,0.75,0.388434
14:21:03,FC2D762C,openml,6969,3717678,optimized,2097152.0,0.79,0.266713
14:21:03,FC2D762C,openml,6969,3717735,optimized,2097152.0,0.78,0.317344
14:21:03,FC2D762C,openml,6969,3717891,optimized,2097152.0,0.78,0.314828
14:21:03,FC2D762C,openml,6969,3717960,optimized,2097152.0,0.76,0.3663
14:21:03,FC2D762C,openml,6969,3717962,optimized,2097152.0,0.77,0.242701
14:21:03,FC2D762C,openml,6969,3718384,optimized,2097152.0,0.78,0.478437
14:21:03,FC2D762C,openml,6969,3718441,optimized,2097152.0,0.75,0.478614
14:21:03,FC2D762C,openml,6969,3718508,optimized,2097152.0,0.73,0.201425
14:21:03,FC2D762C,openml,6969,3718787,optimized,2097152.0,0.76,0.321011
14:21:03,FC2D762C,openml,6969,3718898,optimized,2097152.0,0.79,0.361477
14:21:03,FC2D762C,openml,6969,3719092,optimized,2097152.0,0.75,0.361226
14:21:03,FC2D762C,openml,6969,3719127,optimized,2097152.0,0.82,0.242533
14:21:03,FC2D762C,openml,6969,3719128,optimized,2097152.0,0.73,0.241167
14:21:03,FC2D762C,openml,6969,3719177,optimized,2097152.0,0.76,0.344126
14:21:03,FC2D762C,openml,6969,3719198,optimized,2097152.0,0.8,0.301403
14:21:03,FC2D762C,openml,6969,3719240,optimized,2097152.0,0.74,0.26321
14:21:03,FC2D762C,openml,6969,3719500,optimized,2097152.0,0.75,0.396048
14:21:03,FC2D762C,openml,6969,3719533,optimized,2097152.0,0.77,0.274909
14:21:03,FC2D762C,openml,6969,3719757,optimized,2097152.0,0.79,0.218105
14:21:03,FC2D762C,openml,6969,3719789,optimized,2097152.0,0.75,0.427188
14:21:03,FC2D762C,openml,6969,3719913,optimized,2097152.0,0.78,0.303167
14:21:03,FC2D762C,openml,6969,3720095,optimized,2097152.0,0.75,0.375484
14:21:03,FC2D762C,openml,6969,3720256,optimized,2097152.0,0.76,0.307376
14:21:03,FC2D762C,openml,6969,3720329,optimized,2097152.0,0.78,0.4355
14:21:03,FC2D762C,openml,6969,3720428,optimized,2097152.0,0.76,0.40338
14:21:03,FC2D762C,openml,6969,3720456,optimized,2097152.0,0.74,0.476087
14:21:03,FC2D762C,openml,6969,3720582,optimized,2097152.0,0.77,0.380457
14:21:03,FC2D762C,openml,6969,3720586,optimized,2097152.0,0.79,0.288775
14:21:03,FC2D762C,openml,6969,3720640,optimized,2097152.0,0.73,0.192879
14:21:03,FC2D762C,openml,6969,3720641,optimized,2097152.0,0.79,0.412361
14:21:03,FC2D762C,openml,6969,3720826,optimized,2097152.0,0.76,0.477499
14:21:03,FC2D762C,openml,6969,3721005,optimized,2097152.0,0.74,0.390208
14:21:03,FC2D762C,openml,6969,3721048,optimized,2097152.0,0.78,0.344356
14:21:03,FC2D762C,openml,6969,3721168,optimized,2097152.0,0.74,0.343764
14:21:03,FC2D762C,openml,6969,3721260,optimized,2097152.0,0.8,0.329236
14:21:03,FC2D762C,openml,6969,3721510,optimized,2097152.0,0.77,0.283684
14:21:03,FC2D762C,openml,6969,3721640,optimized,2097152.0,0.77,0.252337
14:21:03,FC2D762C,openml,6969,3721662,optimized,2097152.0,0.75,0.424994
14:21:03,FC2D762C,openml,6969,3721700,optimized,2097152.0,0.78,0.259255
14:21:03,FC2D762C,openml,6969,3721872,optimized,2097152.0,0.76,0.45323
14:21:03,FC2D762C,openml,6969,3721921,optimized,2097152.0,0.77,0.437871
14:21:03,FC2D762C,openml,6969,3721991,optimized,2097152.0,0.77,0.301295
14:21:03,FC2D762C,openml,6969,3722045,optimized,2097152.0,0.78,0.312485
14:21:03,FC2D762C,openml,6969,3722068,optimized,2097152.0,0.73,0.289929
14:21:03,FC2D762C,openml,6969,3722083,optimized,2097152.0,0.81,0.264899
14:21:03,FC2D762C,openml,6969,3722132,optimized,2097152.0,0.78,0.544058
14:21:03,FC2D762C,openml,6969,3722195,optimized,2097152.0,0.77,0.259419
14:21:03,FC2D762C,openml,6969,3722398,optimized,2097152.0,0.79,0.236382
14:21:03,FC2D762C,openml,6969,3722536,optimized,2097152.0,0.77,0.246691
14:21:03,FC2D762C,openml,6969,3722619,optimized,2097152.0,0.74,0.243696
14:21:03,FC2D762C,openml,6969,3722635,optimized,2097152.0,0.8,0.624928
14:21:03,FC2D762C,openml,6969,3722658,optimized,2097152.0,0.75,0.255532
14:21:03,FC2D762C,openml,6969,3722763,optimized,2097152.0,0.76,0.225292
14:21:03,FC2D762C,openml,6969,3723014,optimized,2097152.0,0.77,0.407157
14:21:03,FC2D762C,openml,6969,3723015,optimized,2097152.0,0.73,0.22281
14:21:03,FC2D762C,openml,6969,3723111,optimized,2097152.0,0.79,0.309938
14:21:03,FC2D762C,openml,6969,3723151,optimized,2097152.0,0.76,0.27971
14:21:03,FC2D762C,openml,6969,3723405,optimized,2097152.0,0.77,0.219385
14:21:03,FC2D762C,openml,6969,3723532,optimized,2097152.0,0.77,0.26528
14:21:03,FC2D762C,openml,6969,3723652,optimized,2097152.0,0.74,0.201177
14:21:03,FC2D762C,openml,6969,3723662,optimized,2097152.0,0.76,0.316602
14:21:03,FC2D762C,openml,6969,3723744,optimized,2097152.0,0.78,0.25163
14:21:03,FC2D762C,openml,6969,3723787,optimized,2097152.0,0.73,0.215231
14:21:03,FC2D762C,openml,6969,3724009,optimized,2097152.0,0.79,0.393822
14:21:03,FC2D762C,openml,6969,3724060,optimized,2097152.0,0.78,0.404706
14:21:03,FC2D762C,openml,6969,3724146,optimized,2097152.0,0.78,0.337512
14:21:03,FC2D762C,openml,6969,3724272,optimized,2097152.0,0.77,0.321864
14:21:03,FC2D762C,openml,6969,3724281,optimized,2097152.0,0.77,0.403444
14:21:03,FC2D762C,openml,6969,3724303,optimized,2097152.0,0.75,0.318614
14:21:03,FC2D762C,openml,6969,3724381,optimized,2097152.0,0.75,0.388417
14:21:03,FC2D762C,openml,6969,3724569,optimized,2097152.0,0.72,0.438202
14:21:03,FC2D762C,openml,6969,3724577,optimized,2097152.0,0.78,0.339968
14:21:03,FC2D762C,openml,6969,3724667,optimized,2097152.0,0.79,0.390203
14:21:03,FC2D762C,openml,6969,3724785,optimized,2097152.0,0.73,0.359092
14:21:03,FC2D762C,openml,6969,3724786,optimized,2097152.0,0.78,0.238838
14:21:03,FC2D762C,openml,6969,3724842,optimized,2097152.0,0.79,0.395977
14:21:03,FC2D762C,openml,6969,3724900,optimized,2097152.0,0.81,0.239669
14:21:03,FC2D762C,openml,6969,3725066,optimized,2097152.0,0.76,0.591701
14:21:03,FC2D762C,openml,6969,3725079,optimized,2097152.0,0.77,0.46717
14:21:03,FC2D762C,openml,6969,3725082,optimized,2097152.0,0.76,0.316281
14:21:03,FC2D762C,openml,6969,3725190,optimized,2097152.0,0.76,0.303433
14:21:03,FC2D762C,openml,6969,3725208,optimized,2097152.0,0.77,0.407634
14:21:03,FC2D762C,openml,6969,3725426,optimized,2097152.0,0.78,0.468161
14:21:03,FC2D762C,openml,6969,3725488,optimized,2097152.0,0.77,0.315428
14:21:03,FC2D762C,openml,6969,3725594,optimized,2097152.0,0.78,0.431018
14:21:03,FC2D762C,openml,6969,3725847,optimized,2097152.0,0.8,0.338729
14:21:03,FC2D762C,openml,6969,3725973,optimized,2097152.0,0.77,0.246987
14:21:03,FC2D762C,openml,6969,3726074,optimized,2097152.0,0.78,0.282648
14:21:03,FC2D762C,openml,6969,3726096,optimized,2097152.0,0.75,0.335587
14:21:03,FC2D762C,openml,6969,3726101,optimized,2097152.0,0.76,0.280065
14:21:03,FC2D762C,openml,6969,3726253,optimized,2097152.0,0.77,0.382291
14:21:03,FC2D762C,openml,6969,3726348,optimized,2097152.0,0.79,0.295669
14:21:03,FC2D762C,openml,6969,3726491,optimized,2097152.0,0.76,0.221819
14:21:03,FC2D762C,openml,6969,3726553,optimized,2097152.0,0.77,0.340581
14:21:03,FC2D762C,openml,6969,3726561,optimized,2097152.0,0.79,0.234486
14:21:03,FC2D762C,openml,6969,3726644,optimized,2097152.0,0.77,0.262235
14:21:03,FC2D762C,openml,6969,3726740,optimized,2097152.0,0.76,0.267775
14:21:03,FC2D762C,openml,6969,3726763,optimized,2097152.0,0.77,0.30894
14:21:03,FC2D762C,openml,6969,3726968,optimized,2097152.0,0.73,0.372917
14:21:03,FC2D762C,openml,6969,3726970,optimized,2097152.0,0.76,0.419503
14:21:03,FC2D762C,openml,6969,3727218,optimized,2097152.0,0.78,0.451124
14:21:03,FC2D762C,openml,6969,3727252,optimized,2097152.0,0.79,0.433268
14:21:03,FC2D762C,openml,6969,3727319,optimized,2097152.0,0.81,0.277541
14:21:03,FC2D762C,openml,6969,3727323,optimized,2097152.0,0.77,0.336678
14:21:03,FC2D762C,openml,6969,3727369,optimized,2097152.0,0.77,0.305909
14:21:03,FC2D762C,openml,6969,3727552,optimized,2097152.0,0.76,0.360388
14:21:03,FC2D762C,openml,6969,3727566,optimized,2097152.0,0.8,0.252582
14:21:03,FC2D762C,openml,6969,3727676,optimized,2097152.0,0.76,0.234519
14:21:03,FC2D762C,openml,6969,3727858,optimized,2097152.0,0.78,0.314923
14:21:03,FC2D762C,openml,6969,3727941,optimized,2097152.0,0.78,0.316478
14:21:03,FC2D762C,openml,6969,3728027,optimized,2097152.0,0.8,0.383869
14:21:03,FC2D762C,openml,6969,3728129,optimized,2097152.0,0.75,0.445543
14:21:03,FC2D762C,openml,6969,3728209,optimized,2097152.0,0.75,0.287924
14:21:03,FC2D762C,openml,6969,3728212,optimized,2097152.0,0.77,0.323014
14:21:03,FC2D762C,openml,6969,3728283,optimized,2097152.0,0.77,0.221021
14:21:03,FC2D762C,openml,6969,3728390,optimized,2097152.0,0.76,0.307381
14:21:03,FC2D762C,openml,6969,3728420,optimized,2097152.0,0.8,0.217794
14:21:03,FC2D762C,openml,6969,3728481,optimized,2097152.0,0.75,0.291329
14:21:03,FC2D762C,openml,6969,3728703,optimized,2097152.0,0.73,0.31742
14:21:03,FC2D762C,openml,6969,3728753,optimized,2097152.0,0.78,0.46667
14:21:03,FC2D762C,openml,6969,3728759,optimized,2097152.0,0.75,0.277151
14:21:03,FC2D762C,openml,6969,3728881,optimized,2097152.0,0.79,0.512109
14:21:03,FC2D762C,openml,6969,3728964,optimized,2097152.0,0.76,0.401452
14:21:03,FC2D762C,openml,6969,3728991,optimized,2097152.0,0.78,0.280864
14:21:03,FC2D762C,openml,6969,3729100,optimized,2097152.0,0.74,0.216653
14:21:03,FC2D762C,openml,6969,3729174,optimized,2097152.0,0.77,0.222999
14:21:03,FC2D762C,openml,6969,3729232,optimized,2097152.0,0.74,0.301488
14:21:03,FC2D762C,openml,6969,3729364,optimized,2097152.0,0.75,0.302762
14:21:03,FC2D762C,openml,6969,3729383,optimized,2097152.0,0.79,0.263258
14:21:03,FC2D762C,openml,6969,3729541,optimized,2097152.0,0.75,0.360287
14:21:03,FC2D762C,openml,6969,3729553,optimized,2097152.0,0.81,0.273964
14:21:03,FC2D762C,openml,6969,3729563,optimized,2097152.0,0.73,0.42375
14:21:03,FC2D762C,openml,6969,3729690,optimized,2097152.0,0.74,0.292148
14:21:03,FC2D762C,openml,6969,3729900,optimized,2097152.0,0.8,0.243577
14:21:03,FC2D762C,openml,6969,3729904,optimized,2097152.0,0.77,0.317266
14:21:03,FC2D762C,openml,6969,3730009,optimized,2097152.0,0.77,0.222831
14:21:03,FC2D762C,openml,6969,3730089,optimized,2097152.0,0.78,0.267058
14:21:03,FC2D762C,openml,6969,3730097,optimized,2097152.0,0.81,0.277527
14:21:03,FC2D762C,openml,6969,3730155,optimized,2097152.0,0.77,0.249004
14:21:03,FC2D762C,openml,6969,3730164,optimized,2097152.0,0.77,0.394233
14:21:03,FC2D762C,openml,6969,3730250,optimized,2097152.0,0.79,0.276088
14:21:03,FC2D762C,openml,6969,3730519,optimized,2097152.0,0.73,0.348413
14:21:03,FC2D762C,openml,6969,3730615,optimized,2097152.0,0.77,0.424967
14:21:03,FC2D762C,openml,6969,3730627,optimized,2097152.0,0.77,0.506847
14:21:03,FC2D762C,openml,6969,3730648,optimized,2097152.0,0.76,0.465394
14:21:03,FC2D762C,openml,6969,3730711,optimized,2097152.0,0.74,0.337103
14:21:03,FC2D762C,openml,6969,3730876,optimized,2097152.0,0.74,0.357397
14:21:03,FC2D762C,openml,6969,3731080,optimized,2097152.0,0.74,0.236601
14:21:03,FC2D762C,openml,6969,3731084,optimized,2097152.0,0.75,0.325575
14:21:03,FC2D762C,openml,6969,3731208,optimized,2097152.0,0.78,0.305413
14:21:03,FC2D762C,openml,6969,3731450,optimized,2097152.0,0.77,0.220137
14:21:03,FC2D762C,openml,6969,3731469,optimized,2097152.0,0.76,0.413754
14:21:03,FC2D762C,openml,6969,3731472,optimized,2097152.0,0.76,0.514356
14:21:03,FC2D762C,openml,6969,3731479,optimized,2097152.0,0.8,0.410487
14:21:03,FC2D762C,openml,6969,3731670,optimized,2097152.0,0.79,0.341087
14:21:03,FC2D762C,openml,6969,3731699,optimized,2097152.0,0.78,0.335896
14:21:03,FC2D762C,openml,6969,3731811,optimized,2097152.0,0.75,0.333086
14:21:03,FC2D762C,openml,6969,3731909,optimized,2097152.0,0.8,0.58039
14:21:03,FC2D762C,openml,6969,3731954,optimized,2097152.0,0.76,0.23601
14:21:03,FC2D762C,openml,6969,3732052,optimized,2097152.0,0.8,0.277992
14:21:03,FC2D762C,openml,6969,3732191,optimized,2097152.0,0.77,0.4266
14:21:03,FC2D762C,openml,6969,3732204,optimized,2097152.0,0.79,0.413203
14:21:03,FC2D762C,openml,6969,3732355,optimized,2097152.0,0.77,0.323393
14:21:03,FC2D762C,openml,6969,3732374,optimized,2097152.0,0.76,0.456079
14:21:03,FC2D762C,openml,6969,3732381,optimized,2097152.0,0.78,0.473638
14:21:03,FC2D762C,openml,6969,3732521,optimized,2097152.0,0.74,0.391842
14:21:03,FC2D762C,openml,6969,3732633,optimized,2097152.0,0.79,0.216217
14:21:03,FC2D762C,openml,6969,3732646,optimized,2097152.0,0.78,0.330138
14:21:03,FC2D762C,openml,6969,3732929,optimized,2097152.0,0.81,0.567451
14:21:03,FC2D762C,openml,6969,3733047,optimized,2097152.0,0.74,0.270372
14:21:03,FC2D762C,openml,6969,3733148,optimized,2097152.0,0.78,0.465758
14:21:03,FC2D762C,openml,6969,3733159,optimized,2097152.0,0.78,0.237244
14:21:03,FC2D762C,openml,6969,3733227,optimized,2097152.0,0.77,0.323914
14:21:03,FC2D762C,openml,6969,3733309,optimized,2097152.0,0.78,0.282814
14:21:03,FC2D762C,openml,6969,3733333,optimized,2097152.0,0.78,0.231193
14:21:03,FC2D762C,openml,6969,3733430,optimized,2097152.0,0.75,0.423831
14:21:03,FC2D762C,openml,6969,3733442,optimized,2097152.0,0.78,0.541623
14:21:03,FC2D762C,openml,6969,3733580,optimized,2097152.0,0.76,0.390656
14:21:03,FC2D762C,openml,6969,3733700,optimized,2097152.0,0.78,0.271594
14:21:03,FC2D762C,openml,6969,3733928,optimized,2097152.0,0.75,0.379022
14:21:03,FC2D762C,openml,6969,3733929,optimized,2097152.0,0.72,0.29023
14:21:03,FC2D762C,openml,6969,3733985,optimized,2097152.0,0.76,0.348384
14:21:03,FC2D762C,openml,6969,3733988,optimized,2097152.0,0.76,0.328066
14:21:03,FC2D762C,openml,6969,3733990,optimized,2097152.0,0.76,0.22397
14:21:03,FC2D762C,openml,6969,3734287,optimized,2097152.0,0.76,0.489551
14:21:03,FC2D762C,openml,6969,3734302,optimized,2097152.0,0.75,0.197996
14:21:03,FC2D762C,openml,6969,3734404,optimized,2097152.0,0.77,0.455579
14:21:03,FC2D762C,openml,6969,3734520,optimized,2097152.0,0.8,0.246025
14:21:03,FC2D762C,openml,6969,3734712,optimized,2097152.0,0.8,0.295112
14:21:03,FC2D762C,openml,6969,3734813,optimized,2097152.0,0.78,0.24578
14:21:03,FC2D762C,openml,6969,3734821,optimized,2097152.0,0.76,0.359794
14:21:03,FC2D762C,openml,6969,3734822,optimized,2097152.0,0.75,0.384056
14:21:03,FC2D762C,openml,6969,3734942,optimized,2097152.0,0.75,0.336027
14:21:03,FC2D762C,openml,6969,3735034,optimized,2097152.0,0.79,0.389737
14:21:03,FC2D762C,openml,6969,3735168,optimized,2097152.0,0.75,0.250725
14:21:03,FC2D762C,openml,6969,3735341,optimized,2097152.0,0.76,0.344387
14:21:03,FC2D762C,openml,6969,3735365,optimized,2097152.0,0.77,0.294342
14:21:03,FC2D762C,openml,6969,3735461,optimized,2097152.0,0.77,0.232542
14:21:03,FC2D762C,openml,6969,3735467,optimized,2097152.0,0.76,0.268964
14:21:03,FC2D762C,openml,6969,3735589,optimized,2097152.0,0.81,0.391934
14:21:03,FC2D762C,openml,6969,3735627,optimized,2097152.0,0.78,0.267388
14:21:03,FC2D762C,openml,6969,3735682,optimized,2097152.0,0.76,0.393981
14:21:03,FC2D762C,openml,6969,3735812,optimized,2097152.0,0.77,0.34466
14:21:03,FC2D762C,openml,6969,3735937,optimized,2097152.0,0.78,0.361291
14:21:03,FC2D762C,openml,6969,3736109,optimized,2097152.0,0.75,0.217509
14:21:03,FC2D762C,openml,6969,3736162,optimized,2097152.0,0.79,0.254448
14:21:03,FC2D762C,openml,6969,3736174,optimized,2097152.0,0.78,0.374474
14:21:03,FC2D762C,openml,6969,3736217,optimized,2097152.0,0.8,0.227065
14:21:03,FC2D762C,openml,6969,3736249,optimized,2097152.0,0.8,0.29936
14:21:03,FC2D762C,openml,6969,3736300,optimized,2097152.0,0.78,0.287392
14:21:03,FC2D762C,openml,6969,3736414,optimized,2097152.0,0.8,0.359552
14:21:03,FC2D762C,openml,6969,3736537,optimized,2097152.0,0.78,0.286112
14:21:03,FC2D762C,openml,6969,3736716,optimized,2097152.0,0.73,0.393283
14:21:03,FC2D762C,openml,6969,3736769,optimized,2097152.0,0.76,0.22036
14:21:03,FC2D762C,openml,6969,3736851,optimized,2097152.0,0.77,0.36954
14:21:03,FC2D762C,openml,6969,3736911,optimized,2097152.0,0.74,0.308011
14:21:03,FC2D762C,openml,6969,3736982,optimized,2097152.0,0.73,0.417626
14:21:03,FC2D762C,openml,6969,3737174,optimized,2097152.0,0.73,0.318216
14:21:03,FC2D762C,openml,6969,3737178,optimized,2097152.0,0.72,0.286664
14:21:03,FC2D762C,openml,6969,3737280,optimized,2097152.0,0.76,0.320211
14:21:03,FC2D762C,openml,6969,3737349,optimized,2097152.0,0.78,0.323165
14:21:03,FC2D762C,openml,6969,3737426,optimized,2097152.0,0.77,0.325154
14:21:03,FC2D762C,openml,6969,3737447,optimized,2097152.0,0.78,0.403105
14:21:03,FC2D762C,openml,6969,3737513,optimized,2097152.0,0.75,0.342278
14:21:03,FC2D762C,openml,6969,3737669,optimized,2097152.0,0.77,0.672079
14:21:03,FC2D762C,openml,6969,3737685,optimized,2097152.0,0.76,0.35634
14:21:03,FC2D762C,openml,6969,3738013,optimized,2097152.0,0.74,0.34914
14:21:03,FC2D762C,openml,6969,3738040,optimized,2097152.0,0.75,0.293236
14:21:03,FC2D762C,openml,6969,3738098,optimized,2097152.0,0.77,0.37896
14:21:03,FC2D762C,openml,6969,3738111,optimized,2097152.0,0.77,0.466333
14:21:03,FC2D762C,openml,6969,3738226,optimized,2097152.0,0.73,0.307209
14:21:03,FC2D762C,openml,6969,3738231,optimized,2097152.0,0.79,0.32896
14:21:03,FC2D762C,openml,6969,3738309,optimized,2097152.0,0.75,0.274881
14:21:03,FC2D762C,openml,6969,3738460,optimized,2097152.0,0.77,0.282583
14:21:03,FC2D762C,openml,6969,3738548,optimized,2097152.0,0.74,0.388497
14:21:03,FC2D762C,openml,6969,3738698,optimized,2097152.0,0.81,0.276186
14:21:03,FC2D762C,openml,6969,3738809,optimized,2097152.0,0.74,0.247646
14:21:03,FC2D762C,openml,6969,3738848,optimized,2097152.0,0.76,0.321937
14:21:03,FC2D762C,openml,6969,3738982,optimized,2097152.0,0.77,0.369032
14:21:03,FC2D762C,openml,6969,3739030,optimized,2097152.0,0.73,0.211051
14:21:03,FC2D762C,openml,6969,3739130,optimized,2097152.0,0.8,0.239839
14:21:03,FC2D762C,openml,6969,3739360,optimized,2097152.0,0.73,0.379093
14:21:03,FC2D762C,openml,6969,3739362,optimized,2097152.0,0.8,0.336487
14:21:03,FC2D762C,openml,6969,3739491,optimized,2097152.0,0.76,0.333736
14:21:03,FC2D762C,openml,6969,3739500,optimized,2097152.0,0.76,0.372145
14:21:03,FC2D762C,openml,6969,3739511,optimized,2097152.0,0.77,0.280892
14:21:03,FC2D762C,openml,6969,3739547,optimized,2097152.0,0.77,0.374089
14:21:03,FC2D762C,openml,6969,3739608,optimized,2097152.0,0.77,0.345251
14:21:03,FC2D762C,openml,6969,3739837,optimized,2097152.0,0.77,0.457632
14:21:03,FC2D762C,openml,6969,3739911,optimized,2097152.0,0.73,0.303614
14:21:03,FC2D762C,openml,6969,3740034,optimized,2097152.0,0.78,0.22378
14:21:03,FC2D762C,openml,6969,3740100,optimized,2097152.0,0.74,0.22201
14:21:03,FC2D762C,openml,6969,3740229,optimized,2097152.0,0.79,0.240164
14:21:03,FC2D762C,openml,6969,3740367,optimized,2097152.0,0.76,0.298158
14:21:03,FC2D762C,openml,6969,3740377,optimized,2097152.0,0.78,0.466104
14:21:03,FC2D762C,openml,6969,3740572,optimized,2097152.0,0.81,0.27691
14:21:03,FC2D762C,openml,6969,3740790,optimized,2097152.0,0.75,0.434953
14:21:03,FC2D762C,openml,6969,3740817,optimized,2097152.0,0.77,0.249889
14:21:03,FC2D762C,openml,6969,3740850,optimized,2097152.0,0.79,0.3691
14:21:03,FC2D762C,openml,6969,3740919,optimized,2097152.0,0.78,0.256863
14:21:03,FC2D762C,openml,6969,3740953,optimized,2097152.0,0.77,0.218673
14:21:03,FC2D762C,openml,6969,3741035,optimized,2097152.0,0.79,0.456084
14:21:03,FC2D762C,openml,6969,3741068,optimized,2097152.0,0.77,0.274613
14:21:03,FC2D762C,openml,6969,3741249,optimized,2097152.0,0.79,0.428067
14:21:03,FC2D762C,openml,6969,3741325,optimized,2097152.0,0.76,0.327026
14:21:03,FC2D762C,openml,6969,3741378,optimized,2097152.0,0.76,0.340304
14:21:03,FC2D762C,openml,6969,3741430,optimized,2097152.0,0.77,0.380277
14:21:03,FC2D762C,openml,6969,3741508,optimized,2097152.0,0.76,0.290297
14:21:03,FC2D762C,openml,6969,3741533,optimized,2097152.0,0.79,0.285233
14:21:03,FC2D762C,openml,6969,3741680,optimized,2097152.0,0.74,0.356335
14:21:03,FC2D762C,openml,6969,3741826,optimized,2097152.0,0.79,0.334789
14:21:03,FC2D762C,openml,6969,3741833,optimized,2097152.0,0.75,0.214934
14:21:03,FC2D762C,openml,6969,3742071,optimized,2097152.0,0.77,0.302719
14:21:03,FC2D762C,openml,6969,3742105,optimized,2097152.0,0.81,0.270555
14:21:03,FC2D762C,openml,6969,3742287,optimized,2097152.0,0.77,0.494057
14:21:03,FC2D762C,openml,6969,3742289,optimized,2097152.0,0.76,0.314394
14:21:03,FC2D762C,openml,6969,3742290,optimized,2097152.0,0.78,0.292269
14:21:03,FC2D762C,openml,6969,3742292,optimized,2097152.0,0.74,0.352322
14:21:03,FC2D762C,openml,6969,3742631,optimized,2097152.0,0.76,0.359847
14:21:03,FC2D762C,openml,6969,3742751,optimized,2097152.0,0.75,0.202966
14:21:03,FC2D762C,openml,6969,3742872,optimized,2097152.0,0.72,0.211612
14:21:03,FC2D762C,openml,6969,3742875,optimized,2097152.0,0.75,0.22008
14:21:03,FC2D762C,openml,6969,3743009,optimized,2097152.0,0.75,0.375846
14:21:03,FC2D762C,openml,6969,3743033,optimized,2097152.0,0.77,0.286659
14:21:03,FC2D762C,openml,6969,3743260,optimized,2097152.0,0.82,0.477252
14:21:03,FC2D762C,openml,6969,3743294,optimized,2097152.0,0.76,0.313041
14:21:03,FC2D762C,openml,6969,3743316,optimized,2097152.0,0.75,0.509446
14:21:03,FC2D762C,openml,6969,3743416,optimized,2097152.0,0.77,0.350039
14:21:03,FC2D762C,openml,6969,3743513,optimized,2097152.0,0.81,0.280323
14:21:03,FC2D762C,openml,6969,3743538,optimized,2097152.0,0.8,0.246265
14:21:03,FC2D762C,openml,6969,3743668,optimized,2097152.0,0.79,0.492865
14:21:03,FC2D762C,openml,6969,3743673,optimized,2097152.0,0.79,0.405455
14:21:03,FC2D762C,openml,6969,3743863,optimized,2097152.0,0.77,0.251994
14:21:03,FC2D762C,openml,6969,3744158,optimized,2097152.0,0.8,0.356614
14:21:03,FC2D762C,openml,6969,3744216,optimized,2097152.0,0.8,0.360151
14:21:03,FC2D762C,openml,6969,3744217,optimized,2097152.0,0.77,0.299387
14:21:03,FC2D762C,openml,6969,3744225,optimized,2097152.0,0.77,0.226258
14:21:03,FC2D762C,openml,6969,3744308,optimized,2097152.0,0.76,0.409498
14:21:03,FC2D762C,openml,6969,3744511,optimized,2097152.0,0.8,0.258119
14:21:03,FC2D762C,openml,6969,3744540,optimized,2097152.0,0.78,0.299182
14:21:03,FC2D762C,openml,6969,3744545,optimized,2097152.0,0.77,0.242846
14:21:03,FC2D762C,openml,6969,3744752,optimized,2097152.0,0.76,0.328036
14:21:03,FC2D762C,openml,6969,3744968,optimized,2097152.0,0.77,0.317733
14:21:03,FC2D762C,openml,6969,3744993,optimized,2097152.0,0.77,0.293419
14:21:03,FC2D762C,openml,6969,3745041,optimized,2097152.0,0.79,0.329257
14:21:03,FC2D762C,openml,6969,3745188,optimized,2097152.0,0.8,0.286842
14:21:03,FC2D762C,openml,6969,3745274,optimized,2097152.0,0.76,0.366511
14:21:03,FC2D762C,openml,6969,3745411,optimized,2097152.0,0.73,0.401791
14:21:03,FC2D762C,openml,6969,3745499,optimized,2097152.0,0.77,0.309751
14:21:03,FC2D762C,openml,6969,3745571,optimized,2097152.0,0.76,0.323016
14:21:03,FC2D762C,openml,6969,3745594,optimized,2097152.0,0.81,0.264334
14:21:03,FC2D762C,openml,6969,3745809,optimized,2097152.0,0.78,0.408527
14:21:03,FC2D762C,openml,6969,3745991,optimized,2097152.0,0.81,0.305259
14:21:03,FC2D762C,openml,6969,3746172,optimized,2097152.0,0.77,0.380528
14:21:03,FC2D762C,openml,6969,3746174,optimized,2097152.0,0.77,0.233359
14:21:03,FC2D762C,openml,6969,3746435,optimized,2097152.0,0.78,0.233756
14:21:03,FC2D762C,openml,6969,3746478,optimized,2097152.0,0.77,0.219225
14:21:03,FC2D762C,openml,6969,3746500,optimized,2097152.0,0.79,0.591174
14:21:03,FC2D762C,openml,6969,3746661,optimized,2097152.0,0.77,0.390853
14:21:03,FC2D762C,openml,6969,3746778,optimized,2097152.0,0.75,0.408962
14:21:03,FC2D762C,openml,6969,3746846,optimized,2097152.0,0.78,0.301427
14:21:03,FC2D762C,openml,6969,3747090,optimized,2097152.0,0.75,0.215751
14:21:03,FC2D762C,openml,6969,3747154,optimized,2097152.0,0.78,0.22334
14:21:03,FC2D762C,openml,6969,3747165,optimized,2097152.0,0.79,0.42419
14:21:03,FC2D762C,openml,6969,3747171,optimized,2097152.0,0.72,0.288694
14:21:03,FC2D762C,openml,6969,3747263,optimized,2097152.0,0.78,0.402772
14:21:03,FC2D762C,openml,6969,3747381,optimized,2097152.0,0.74,0.378947
14:21:03,FC2D762C,openml,6969,3747465,optimized,2097152.0,0.76,0.383713
14:21:03,FC2D762C,openml,6969,3747489,optimized,2097152.0,0.77,0.259355
14:21:03,FC2D762C,openml,6969,3747613,optimized,2097152.0,0.76,0.26516
14:21:03,FC2D762C,openml,6969,3747791,optimized,2097152.0,0.8,0.253505
14:21:03,FC2D762C,openml,6969,3747872,optimized,2097152.0,0.77,0.338585
14:21:03,FC2D762C,openml,6969,3748076,optimized,2097152.0,0.79,0.374685
14:21:03,FC2D762C,openml,6969,3748154,optimized,2097152.0,0.79,0.262572
14:21:03,FC2D762C,openml,6969,3748189,optimized,2097152.0,0.75,0.436218
14:21:03,FC2D762C,openml,6969,3748230,optimized,2097152.0,0.79,0.220279
14:21:03,FC2D762C,openml,6969,3748392,optimized,2097152.0,0.77,0.394461
14:21:03,FC2D762C,openml,6969,3748495,optimized,2097152.0,0.78,0.267649
14:21:03,FC2D762C,openml,6969,3748502,optimized,2097152.0,0.75,0.420707
14:21:03,FC2D762C,openml,6969,3748792,optimized,2097152.0,0.74,0.431452
14:21:03,FC2D762C,openml,6969,3749174,optimized,2097152.0,0.77,0.241652
14:21:03,FC2D762C,openml,6969,3749192,optimized,2097152.0,0.77,0.282809
14:21:03,FC2D762C,openml,6969,3749193,optimized,2097152.0,0.77,0.375251
14:21:03,FC2D762C,openml,6969,3749218,optimized,2097152.0,0.75,0.421302
14:21:03,FC2D762C,openml,6969,3749293,optimized,2097152.0,0.76,0.344511
14:21:03,FC2D762C,openml,6969,3749330,optimized,2097152.0,0.8,0.24369
14:21:03,FC2D762C,openml,6969,3749634,optimized,2097152.0,0.79,0.222309
14:21:03,FC2D762C,openml,6969,3749693,optimized,2097152.0,0.78,0.247666
14:21:03,FC2D762C,openml,6969,3749736,optimized,2097152.0,0.73,0.449565
14:21:03,FC2D762C,openml,6969,3749795,optimized,2097152.0,0.81,0.277219
14:21:03,FC2D762C,openml,6969,3750122,optimized,2097152.0,0.8,0.231277
14:21:03,FC2D762C,openml,6969,3750159,optimized,2097152.0,0.73,0.206457
14:21:03,FC2D762C,openml,6969,3750255,optimized,2097152.0,0.76,0.223584
14:21:03,FC2D762C,openml,6969,3750406,optimized,2097152.0,0.77,0.331
14:21:03,FC2D762C,openml,6969,3750482,optimized,2097152.0,0.77,0.410857
14:21:03,FC2D762C,openml,6969,3750600,optimized,2097152.0,0.77,0.218361
14:21:03,FC2D762C,openml,6969,3750702,optimized,2097152.0,0.75,0.331896
14:21:03,FC2D762C,openml,6969,3750728,optimized,2097152.0,0.71,0.301848
14:21:03,FC2D762C,openml,6969,3750824,optimized,2097152.0,0.78,0.432973
14:21:03,FC2D762C,openml,6969,3750900,optimized,2097152.0,0.79,0.444281
14:21:03,FC2D762C,openml,6969,3751253,optimized,2097152.0,0.78,0.283312
14:21:03,FC2D762C,openml,6969,3751258,optimized,2097152.0,0.8,0.434128
14:21:03,FC2D762C,openml,6969,3751407,optimized,2097152.0,0.77,0.357329
14:21:03,FC2D762C,openml,6969,3751446,optimized,2097152.0,0.79,0.327877
14:21:03,FC2D762C,openml,6969,3751531,optimized,2097152.0,0.73,0.223835
14:21:03,FC2D762C,openml,6969,3751552,optimized,2097152.0,0.8,0.370375
14:21:03,FC2D762C,openml,6969,3751582,optimized,2097152.0,0.76,0.268819
14:21:03,FC2D762C,openml,6969,3751740,optimized,2097152.0,0.77,0.30674
14:21:03,FC2D762C,openml,6969,3751909,optimized,2097152.0,0.75,0.339396
14:21:03,FC2D762C,openml,6969,3751968,optimized,2097152.0,0.77,0.448097
14:21:03,FC2D762C,openml,6969,3752010,optimized,2097152.0,0.76,0.39174
14:21:03,FC2D762C,openml,6969,3752011,optimized,2097152.0,0.78,0.264922
14:21:03,FC2D762C,openml,6969,3752287,optimized,2097152.0,0.8,0.551319
14:21:03,FC2D762C,openml,6969,3752414,optimized,2097152.0,0.79,0.2822
14:21:03,FC2D762C,openml,6969,3752487,optimized,2097152.0,0.78,0.312238
14:21:03,FC2D762C,openml,6969,3752555,optimized,2097152.0,0.77,0.361028
14:21:03,FC2D762C,openml,6969,3752646,optimized,2097152.0,0.78,0.306497
14:21:03,FC2D762C,openml,6969,3752673,optimized,2097152.0,0.76,0.404753
14:21:03,FC2D762C,openml,6969,3752803,optimized,2097152.0,0.76,0.300782
14:21:03,FC2D762C,openml,6969,3752951,optimized,2097152.0,0.75,0.220656
14:21:03,FC2D762C,openml,6969,3753072,optimized,2097152.0,0.77,0.227224
14:21:03,FC2D762C,openml,6969,3753130,optimized,2097152.0,0.76,0.27894
14:21:03,FC2D762C,openml,6969,3753227,optimized,2097152.0,0.79,0.253186
14:21:03,FC2D762C,openml,6969,3753261,optimized,2097152.0,0.79,0.301517
14:21:03,FC2D762C,openml,6969,3753410,optimized,2097152.0,0.73,0.243423
14:21:03,FC2D762C,openml,6969,3753413,optimized,2097152.0,0.79,0.391213
14:21:03,FC2D762C,openml,6969,3753556,optimized,2097152.0,0.81,0.377939
14:21:03,FC2D762C,openml,6969,3753718,optimized,2097152.0,0.76,0.342248
14:21:03,FC2D762C,openml,6969,3754173,optimized,2097152.0,0.75,0.285559
14:21:03,FC2D762C,openml,6969,3754239,optimized,2097152.0,0.76,0.335174
14:21:03,FC2D762C,openml,6969,3754253,optimized,2097152.0,0.75,0.285007
14:21:03,FC2D762C,openml,6969,3754259,optimized,2097152.0,0.78,0.327285
14:21:03,FC2D762C,openml,6969,3754470,optimized,2097152.0,0.75,0.327336
14:21:03,FC2D762C,openml,6969,3754501,optimized,2097152.0,0.78,0.389774
14:21:03,FC2D762C,openml,6969,3754534,optimized,2097152.0,0.75,0.241488
14:21:03,FC2D762C,openml,6969,3754563,optimized,2097152.0,0.75,0.408817
14:21:03,FC2D762C,openml,6969,3754759,optimized,2097152.0,0.79,0.322497
14:21:03,FC2D762C,openml,6969,3754810,optimized,2097152.0,0.73,0.374364
14:21:03,FC2D762C,openml,6969,3754942,optimized,2097152.0,0.77,0.237542
14:21:03,FC2D762C,openml,6969,3754986,optimized,2097152.0,0.74,0.325222
14:21:03,FC2D762C,openml,6969,3755029,optimized,2097152.0,0.77,0.3335
14:21:03,FC2D762C,openml,6969,3755033,optimized,2097152.0,0.79,0.530139
14:21:03,FC2D762C,openml,6969,3755227,optimized,2097152.0,0.78,0.326512
14:21:03,FC2D762C,openml,6969,3755247,optimized,2097152.0,0.75,0.400112
14:21:03,FC2D762C,openml,6969,3755523,optimized,2097152.0,0.76,0.313941
14:21:03,FC2D762C,openml,6969,3755532,optimized,2097152.0,0.77,0.331091
14:21:03,FC2D762C,openml,6969,3755617,optimized,2097152.0,0.79,0.254339
14:21:03,FC2D762C,openml,6969,3755921,optimized,2097152.0,0.76,0.292476
14:21:03,FC2D762C,openml,6969,3755926,optimized,2097152.0,0.75,0.349437
14:21:03,FC2D762C,openml,6969,3755974,optimized,2097152.0,0.77,0.238574
14:21:03,FC2D762C,openml,6969,3756131,optimized,2097152.0,0.74,0.41871
14:21:03,FC2D762C,openml,6969,3756137,optimized,2097152.0,0.76,0.376161
14:21:03,FC2D762C,openml,6969,3756199,optimized,2097152.0,0.74,0.212831
14:21:03,FC2D762C,openml,6969,3756396,optimized,2097152.0,0.79,0.356628
14:21:03,FC2D762C,openml,6969,3756401,optimized,2097152.0,0.76,0.272525
14:21:03,FC2D762C,openml,6969,3756653,optimized,2097152.0,0.77,0.458211
14:21:03,FC2D762C,openml,6969,3756735,optimized,2097152.0,0.78,0.374118
14:21:03,FC2D762C,openml,6969,3756794,optimized,2097152.0,0.76,0.368481
14:21:03,FC2D762C,openml,6969,3756854,optimized,2097152.0,0.78,0.302918
14:21:03,FC2D762C,openml,6969,3757050,optimized,2097152.0,0.78,0.412524
14:21:03,FC2D762C,openml,6969,3757096,optimized,2097152.0,0.82,0.265557
14:21:03,FC2D762C,openml,6969,3757154,optimized,2097152.0,0.76,0.388645
14:21:03,FC2D762C,openml,6969,3757347,optimized,2097152.0,0.79,0.236108
14:21:03,FC2D762C,openml,6969,3757402,optimized,2097152.0,0.74,0.450751
14:21:03,FC2D762C,openml,6969,3757404,optimized,2097152.0,0.78,0.264975
14:21:03,FC2D762C,openml,6969,3757554,optimized,2097152.0,0.76,0.421546
14:21:03,FC2D762C,openml,6969,3757594,optimized,2097152.0,0.75,0.346597
14:21:03,FC2D762C,openml,6969,3757595,optimized,2097152.0,0.79,0.284568
14:21:03,FC2D762C,openml,6969,3757709,optimized,2097152.0,0.75,0.471972
14:21:03,FC2D762C,openml,6969,3757820,optimized,2097152.0,0.77,0.3685
14:21:03,FC2D762C,openml,6969,3758013,optimized,2097152.0,0.78,0.235076
14:21:03,FC2D762C,openml,6969,3758070,optimized,2097152.0,0.75,0.314185
14:21:03,FC2D762C,openml,6969,3758271,optimized,2097152.0,0.77,0.437458
14:21:03,FC2D762C,openml,6969,3758312,optimized,2097152.0,0.79,0.398932
14:21:03,FC2D762C,openml,6969,3758461,optimized,2097152.0,0.74,0.203934
14:21:03,FC2D762C,openml,6969,3758544,optimized,2097152.0,0.78,0.247912
14:21:03,FC2D762C,openml,6969,3758628,optimized,2097152.0,0.77,0.225301
14:21:03,FC2D762C,openml,6969,3758632,optimized,2097152.0,0.77,0.239881
14:21:03,FC2D762C,openml,6969,3758777,optimized,2097152.0,0.75,0.359315
14:21:03,FC2D762C,openml,6969,3758879,optimized,2097152.0,0.77,0.286092
14:21:03,FC2D762C,openml,6969,3759035,optimized,2097152.0,0.77,0.222678
14:21:03,FC2D762C,openml,6969,3759154,optimized,2097152.0,0.75,0.30944
14:21:03,FC2D762C,openml,6969,3759158,optimized,2097152.0,0.78,0.338936
14:21:03,FC2D762C,openml,6969,3759576,optimized,2097152.0,0.74,0.323689
14:21:03,FC2D762C,openml,6969,3759603,optimized,2097152.0,0.77,0.373227
14:21:03,FC2D762C,openml,6969,3759856,optimized,2097152.0,0.79,0.259362
14:21:03,FC2D762C,openml,6969,3759921,optimized,2097152.0,0.77,0.304803
14:21:03,FC2D762C,openml,6969,3759934,optimized,2097152.0,0.76,0.250158
14:21:03,FC2D762C,openml,6969,3760046,optimized,2097152.0,0.75,0.358671
14:21:03,FC2D762C,openml,6969,3760045,optimized,2097152.0,0.75,0.399022
14:21:03,FC2D762C,openml,6969,3760424,optimized,2097152.0,0.73,0.321873
14:21:03,FC2D762C,openml,6969,3760594,optimized,2097152.0,0.77,0.393892
14:21:03,FC2D762C,openml,6969,3760676,optimized,2097152.0,0.75,0.245924
14:21:03,FC2D762C,openml,6969,3760700,optimized,2097152.0,0.75,0.271822
14:21:03,FC2D762C,openml,6969,3760756,optimized,2097152.0,0.76,0.350708
14:21:03,FC2D762C,openml,6969,3760793,optimized,2097152.0,0.76,0.375211
14:21:03,FC2D762C,openml,6969,3760893,optimized,2097152.0,0.76,0.452616
14:21:03,FC2D762C,openml,6969,3761064,optimized,2097152.0,0.77,0.375945
14:21:03,FC2D762C,openml,6969,3761162,optimized,2097152.0,0.79,0.379413
14:21:03,FC2D762C,openml,6969,3761169,optimized,2097152.0,0.77,0.396406
14:21:03,FC2D762C,openml,6969,3761260,optimized,2097152.0,0.77,0.413897
14:21:03,FC2D762C,openml,6969,3761587,optimized,2097152.0,0.76,0.588272
14:21:03,FC2D762C,openml,6969,3761637,optimized,2097152.0,0.82,0.255098
14:21:03,FC2D762C,openml,6969,3761693,optimized,2097152.0,0.74,0.426451
14:21:03,FC2D762C,openml,6969,3761860,optimized,2097152.0,0.77,0.226981
14:21:03,FC2D762C,openml,6969,3761867,optimized,2097152.0,0.78,0.241187
14:21:03,FC2D762C,openml,6969,3761920,optimized,2097152.0,0.81,0.235025
14:21:03,FC2D762C,openml,6969,3761928,optimized,2097152.0,0.77,0.260265
14:21:03,FC2D762C,openml,6969,3762115,optimized,2097152.0,0.75,0.317491
14:21:03,FC2D762C,openml,6969,3762249,optimized,2097152.0,0.75,0.410584
14:21:03,FC2D762C,openml,6969,3762349,optimized,2097152.0,0.76,0.344497
14:21:03,FC2D762C,openml,6969,3762457,optimized,2097152.0,0.75,0.226416
14:21:03,FC2D762C,openml,6969,3762503,optimized,2097152.0,0.76,0.423794
14:21:03,FC2D762C,openml,6969,3762604,optimized,2097152.0,0.77,0.25717
14:21:03,FC2D762C,openml,6969,3762746,optimized,2097152.0,0.78,0.316906
14:21:03,FC2D762C,openml,6969,3762824,optimized,2097152.0,0.79,0.328348
14:21:03,FC2D762C,openml,6969,3762973,optimized,2097152.0,0.77,0.323887
14:21:03,FC2D762C,openml,6969,3763162,optimized,2097152.0,0.78,0.258321
14:21:03,FC2D762C,openml,6969,3763271,optimized,2097152.0,0.8,0.249179
14:21:03,FC2D762C,openml,6969,3763454,optimized,2097152.0,0.75,0.332443
14:21:03,FC2D762C,openml,6969,3763469,optimized,2097152.0,0.74,0.425347
14:21:03,FC2D762C,openml,6969,3763481,optimized,2097152.0,0.74,0.427053
14:21:03,FC2D762C,openml,6969,3763578,optimized,2097152.0,0.73,0.339106
14:21:03,FC2D762C,openml,6969,3763829,optimized,2097152.0,0.76,0.324296
14:21:03,FC2D762C,openml,6969,3763921,optimized,2097152.0,0.81,0.251858
14:21:03,FC2D762C,openml,6969,3764209,optimized,2097152.0,0.75,0.345348
14:21:03,FC2D762C,openml,6969,3764220,optimized,2097152.0,0.77,0.335648
14:21:03,FC2D762C,openml,6969,3764306,optimized,2097152.0,0.77,0.223611
14:21:03,FC2D762C,openml,6969,3764549,optimized,2097152.0,0.78,0.42415
14:21:03,FC2D762C,openml,6969,3764583,optimized,2097152.0,0.81,0.344375
14:21:03,FC2D762C,openml,6969,3764593,optimized,2097152.0,0.79,0.25247
14:21:03,FC2D762C,openml,6969,3764660,optimized,2097152.0,0.75,0.565444
14:21:03,FC2D762C,openml,6969,3764856,optimized,2097152.0,0.78,0.267295
14:21:03,FC2D762C,openml,6969,3764911,optimized,2097152.0,0.76,0.24325
14:21:03,FC2D762C,openml,6969,3764998,optimized,2097152.0,0.77,0.409366
14:21:03,FC2D762C,openml,6969,3765323,optimized,2097152.0,0.8,0.229143
14:21:03,FC2D762C,openml,6969,3765382,optimized,2097152.0,0.76,0.238267
14:21:03,FC2D762C,openml,6969,3765384,optimized,2097152.0,0.78,0.361065
14:21:03,FC2D762C,openml,6969,3765415,optimized,2097152.0,0.76,0.454158
14:21:03,FC2D762C,openml,6969,3765845,optimized,2097152.0,0.77,0.587858
14:21:03,FC2D762C,openml,6969,3765981,optimized,2097152.0,0.77,0.222544
14:21:03,FC2D762C,openml,6969,3766138,optimized,2097152.0,0.75,0.294239
14:21:03,FC2D762C,openml,6969,3766254,optimized,2097152.0,0.78,0.435672
14:21:03,FC2D762C,openml,6969,3766505,optimized,2097152.0,0.77,0.336054
14:21:03,FC2D762C,openml,6969,3766619,optimized,2097152.0,0.75,0.317093
14:21:03,FC2D762C,openml,6969,3766654,optimized,2097152.0,0.79,0.278212
14:21:03,FC2D762C,openml,6969,3766876,optimized,2097152.0,0.77,0.24738
14:21:03,FC2D762C,openml,6969,3766900,optimized,2097152.0,0.75,0.225598
14:21:03,FC2D762C,openml,6969,3766901,optimized,2097152.0,0.75,0.495027
14:21:03,FC2D762C,openml,6969,3766983,optimized,2097152.0,0.79,0.293101
14:21:03,FC2D762C,openml,6969,3767001,optimized,2097152.0,0.76,0.251268
14:21:03,FC2D762C,openml,6969,3767023,optimized,2097152.0,0.76,0.305303
14:21:03,FC2D762C,openml,6969,3767024,optimized,2097152.0,0.79,0.434501
14:21:03,FC2D762C,openml,6969,3767300,optimized,2097152.0,0.75,0.26196
14:21:03,FC2D762C,openml,6969,3767332,optimized,2097152.0,0.79,0.25236
14:21:03,FC2D762C,openml,6969,3767600,optimized,2097152.0,0.78,0.275929
14:21:03,FC2D762C,openml,6969,3767674,optimized,2097152.0,0.77,0.290237
14:21:03,FC2D762C,openml,6969,3767745,optimized,2097152.0,0.75,0.410584
14:21:03,FC2D762C,openml,6969,3767896,optimized,2097152.0,0.77,0.307085
14:21:03,FC2D762C,openml,6969,3768175,optimized,2097152.0,0.8,0.519219
14:21:03,FC2D762C,openml,6969,3768194,optimized,2097152.0,0.76,0.371891
14:21:03,FC2D762C,openml,6969,3768236,optimized,2097152.0,0.76,0.326371
14:21:03,FC2D762C,openml,6969,3768341,optimized,2097152.0,0.73,0.287059
14:21:03,FC2D762C,openml,6969,3768507,optimized,2097152.0,0.77,0.342913
14:21:03,FC2D762C,openml,6969,3768954,optimized,2097152.0,0.74,0.256176
14:21:03,FC2D762C,openml,6969,3769007,optimized,2097152.0,0.79,0.303494
14:21:03,FC2D762C,openml,6969,3769019,optimized,2097152.0,0.78,0.520073
14:21:03,FC2D762C,openml,6969,3769046,optimized,2097152.0,0.78,0.299373
14:21:03,FC2D762C,openml,6969,3769275,optimized,2097152.0,0.76,0.270947
14:21:03,FC2D762C,openml,6969,3769287,optimized,2097152.0,0.75,0.350637
14:21:03,FC2D762C,openml,6969,3769300,optimized,2097152.0,0.8,0.377172
14:21:03,FC2D762C,openml,6969,3769356,optimized,2097152.0,0.75,0.242611
14:21:03,FC2D762C,openml,6969,3769518,optimized,2097152.0,0.74,0.435209
14:21:03,FC2D762C,openml,6969,3769525,optimized,2097152.0,0.77,0.273754
14:21:03,FC2D762C,openml,6969,3769607,optimized,2097152.0,0.75,0.430906
14:21:03,FC2D762C,openml,6969,3769832,optimized,2097152.0,0.77,0.26815
14:21:03,FC2D762C,openml,6969,3770121,optimized,2097152.0,0.76,0.352051
14:21:03,FC2D762C,openml,6969,3770124,optimized,2097152.0,0.76,0.329004
14:21:03,FC2D762C,openml,6969,3770125,optimized,2097152.0,0.76,0.440256
14:21:03,FC2D762C,openml,6969,3770329,optimized,2097152.0,0.77,0.358591
14:21:03,FC2D762C,openml,6969,3770351,optimized,2097152.0,0.79,0.414542
14:21:03,FC2D762C,openml,6969,3770600,optimized,2097152.0,0.76,0.283562
14:21:03,FC2D762C,openml,6969,3770749,optimized,2097152.0,0.76,0.340631
14:21:03,FC2D762C,openml,6969,3770818,optimized,2097152.0,0.79,0.414069
14:21:03,FC2D762C,openml,6969,3770828,optimized,2097152.0,0.77,0.224317
14:21:03,FC2D762C,openml,6969,3770870,optimized,2097152.0,0.81,0.221756
14:21:03,FC2D762C,openml,6969,3771198,optimized,2097152.0,0.76,0.264849
14:21:03,FC2D762C,openml,6969,3771356,optimized,2097152.0,0.74,0.44479
14:21:03,FC2D762C,openml,6969,3771432,optimized,2097152.0,0.75,0.302899
14:21:03,FC2D762C,openml,6969,3771480,optimized,2097152.0,0.76,0.233731
14:21:03,FC2D762C,openml,6969,3771699,optimized,2097152.0,0.76,0.402078
14:21:03,FC2D762C,openml,6969,3771916,optimized,2097152.0,0.76,0.335943
14:21:03,FC2D762C,openml,6969,3771984,optimized,2097152.0,0.8,0.309706
14:21:03,FC2D762C,openml,6969,3772026,optimized,2097152.0,0.74,0.331798
14:21:03,FC2D762C,openml,6969,3772192,optimized,2097152.0,0.79,0.269634
14:21:03,FC2D762C,openml,6969,3772576,optimized,2097152.0,0.77,0.421761
14:21:03,FC2D762C,openml,6969,3772591,optimized,2097152.0,0.81,0.222378
14:21:03,FC2D762C,openml,6969,3772722,optimized,2097152.0,0.78,0.333596
14:21:03,FC2D762C,openml,6969,3772968,optimized,2097152.0,0.78,0.499273
14:21:03,FC2D762C,openml,6969,3772974,optimized,2097152.0,0.78,0.273993
14:21:03,FC2D762C,openml,6969,3773186,optimized,2097152.0,0.78,0.603312
14:21:03,FC2D762C,openml,6969,3773188,optimized,2097152.0,0.75,0.222523
14:21:03,FC2D762C,openml,6969,3773233,optimized,2097152.0,0.78,0.234453
14:21:03,FC2D762C,openml,6969,3773556,optimized,2097152.0,0.79,0.530331
14:21:03,FC2D762C,openml,6969,3773568,optimized,2097152.0,0.77,0.321522
14:21:03,FC2D762C,openml,6969,3773653,optimized,2097152.0,0.76,0.291813
14:21:03,FC2D762C,openml,6969,3773681,optimized,2097152.0,0.71,0.295521
14:21:03,FC2D762C,openml,6969,3773948,optimized,2097152.0,0.8,0.304426
14:21:03,FC2D762C,openml,6969,3774195,optimized,2097152.0,0.79,0.245799
14:21:03,FC2D762C,openml,6969,3774259,optimized,2097152.0,0.77,0.254275
14:21:03,FC2D762C,openml,6969,3774370,optimized,2097152.0,0.76,0.324339
14:21:03,FC2D762C,openml,6969,3774477,optimized,2097152.0,0.74,0.216585
14:21:03,FC2D762C,openml,6969,3774657,optimized,2097152.0,0.77,0.312392
14:21:03,FC2D762C,openml,6969,3774807,optimized,2097152.0,0.77,0.465678
14:21:03,FC2D762C,openml,6969,3774910,optimized,2097152.0,0.78,0.503756
14:21:03,FC2D762C,openml,6969,3775023,optimized,2097152.0,0.77,0.214202
14:21:03,FC2D762C,openml,6969,3775029,optimized,2097152.0,0.79,0.365752
14:21:03,FC2D762C,openml,6969,3775066,optimized,2097152.0,0.76,0.385775
14:21:03,FC2D762C,openml,6969,3775200,optimized,2097152.0,0.76,0.410686
14:21:03,FC2D762C,openml,6969,3775424,optimized,2097152.0,0.78,0.386369
14:21:03,FC2D762C,openml,6969,3775438,optimized,2097152.0,0.8,0.296338
14:21:03,FC2D762C,openml,6969,3775620,optimized,2097152.0,0.77,0.38645
14:21:03,FC2D762C,openml,6969,3775734,optimized,2097152.0,0.77,0.405242
14:21:03,FC2D762C,openml,6969,3775942,optimized,2097152.0,0.76,0.437073
14:21:03,FC2D762C,openml,6969,3775957,optimized,2097152.0,0.79,0.574859
14:21:03,FC2D762C,openml,6969,3776214,optimized,2097152.0,0.79,0.242713
14:21:03,FC2D762C,openml,6969,3776224,optimized,2097152.0,0.73,0.216606
14:21:03,FC2D762C,openml,6969,3776284,optimized,2097152.0,0.75,0.45354
14:21:03,FC2D762C,openml,6969,3776290,optimized,2097152.0,0.76,0.260954
14:21:03,FC2D762C,openml,6969,3776474,optimized,2097152.0,0.77,0.39126
14:21:03,FC2D762C,openml,6969,3776567,optimized,2097152.0,0.79,0.426588
14:21:03,FC2D762C,openml,6969,3776795,optimized,2097152.0,0.79,0.232246
14:21:03,FC2D762C,openml,6969,3776832,optimized,2097152.0,0.77,0.287299
14:21:03,FC2D762C,openml,6969,3777016,optimized,2097152.0,0.74,0.21455
14:21:03,FC2D762C,openml,6969,3777161,optimized,2097152.0,0.78,0.345476
14:21:03,FC2D762C,openml,6969,3777168,optimized,2097152.0,0.75,0.440737
14:21:03,FC2D762C,openml,6969,3777367,optimized,2097152.0,0.79,0.244324
14:21:03,FC2D762C,openml,6969,3777378,optimized,2097152.0,0.76,0.292066
14:21:03,FC2D762C,openml,6969,3777382,optimized,2097152.0,0.79,0.240208
14:21:03,FC2D762C,openml,6969,3777660,optimized,2097152.0,0.76,0.340067
14:21:03,FC2D762C,openml,6969,3777699,optimized,2097152.0,0.79,0.416983
14:21:03,FC2D762C,openml,6969,3777888,optimized,2097152.0,0.75,0.54727
14:21:03,FC2D762C,openml,6969,3777982,optimized,2097152.0,0.75,0.483696
14:21:03,FC2D762C,openml,6969,3778249,optimized,2097152.0,0.79,0.338249
14:21:03,FC2D762C,openml,6969,3778344,optimized,2097152.0,0.77,0.437193
14:21:03,FC2D762C,openml,6969,3778370,optimized,2097152.0,0.75,0.305133
14:21:03,FC2D762C,openml,6969,3778470,optimized,2097152.0,0.76,0.29532
14:21:03,FC2D762C,openml,6969,3778836,optimized,2097152.0,0.78,0.245032
14:21:03,FC2D762C,openml,6969,3778919,optimized,2097152.0,0.78,0.395503
14:21:03,FC2D762C,openml,6969,3778934,optimized,2097152.0,0.73,0.437937
14:21:03,FC2D762C,openml,6969,3778977,optimized,2097152.0,0.77,0.540597
14:21:03,FC2D762C,openml,6969,3779209,optimized,2097152.0,0.77,0.349472
14:21:03,FC2D762C,openml,6969,3779210,optimized,2097152.0,0.75,0.217401
14:21:03,FC2D762C,openml,6969,3779371,optimized,2097152.0,0.75,0.295006
14:21:03,FC2D762C,openml,6969,3779382,optimized,2097152.0,0.8,0.329269
14:21:03,FC2D762C,openml,6969,3779430,optimized,2097152.0,0.73,0.398511
14:21:03,FC2D762C,openml,6969,3779710,optimized,2097152.0,0.75,0.261004
14:21:03,FC2D762C,openml,6969,3779779,optimized,2097152.0,0.76,0.313245
14:21:03,FC2D762C,openml,6969,3780066,optimized,2097152.0,0.77,0.551166
14:21:03,FC2D762C,openml,6969,3780320,optimized,2097152.0,0.75,0.305429
14:21:03,FC2D762C,openml,6969,3780374,optimized,2097152.0,0.8,0.271588
14:21:03,FC2D762C,openml,6969,3780428,optimized,2097152.0,0.78,0.341277
14:21:03,FC2D762C,openml,6969,3780430,optimized,2097152.0,0.78,0.35369
14:21:03,FC2D762C,openml,6969,3780919,optimized,2097152.0,0.77,0.355011
14:21:03,FC2D762C,openml,6969,3781064,optimized,2097152.0,0.79,0.306226
14:21:03,FC2D762C,openml,6969,3781104,optimized,2097152.0,0.79,0.298559
14:21:03,FC2D762C,openml,6969,3781106,optimized,2097152.0,0.78,0.305896
14:21:03,FC2D762C,openml,6969,3781322,optimized,2097152.0,0.76,0.318409
14:21:03,FC2D762C,openml,6969,3781343,optimized,2097152.0,0.74,0.248817
14:21:03,FC2D762C,openml,6969,3781416,optimized,2097152.0,0.75,0.466973
14:21:03,FC2D762C,openml,6969,3781729,optimized,2097152.0,0.8,0.236962
14:21:03,FC2D762C,openml,6969,3781776,optimized,2097152.0,0.76,0.339828
14:21:03,FC2D762C,openml,6969,3781933,optimized,2097152.0,0.75,0.397751
14:21:03,FC2D762C,openml,6969,3782078,optimized,2097152.0,0.76,0.543267
14:21:03,FC2D762C,openml,6969,3782099,optimized,2097152.0,0.75,0.223232
14:21:03,FC2D762C,openml,6969,3782105,optimized,2097152.0,0.79,0.242502
14:21:03,FC2D762C,openml,6969,3782118,optimized,2097152.0,0.76,0.523378
14:21:03,FC2D762C,openml,6969,3782481,optimized,2097152.0,0.73,0.290042
14:21:03,FC2D762C,openml,6969,3782653,optimized,2097152.0,0.72,0.333492
14:21:03,FC2D762C,openml,6969,3782858,optimized,2097152.0,0.77,0.284938
14:21:03,FC2D762C,openml,6969,3783122,optimized,2097152.0,0.75,0.338491
14:21:03,FC2D762C,openml,6969,3783376,optimized,2097152.0,0.77,0.300593
14:21:03,FC2D762C,openml,6969,3783406,optimized,2097152.0,0.74,0.304938
14:21:03,FC2D762C,openml,6969,3783430,optimized,2097152.0,0.77,0.367454
14:21:03,FC2D762C,openml,6969,3783443,optimized,2097152.0,0.79,0.251867
14:21:03,FC2D762C,openml,6969,3783583,optimized,2097152.0,0.75,0.224584
14:21:03,FC2D762C,openml,6969,3783682,optimized,2097152.0,0.8,0.356275
14:21:03,FC2D762C,openml,6969,3783694,optimized,2097152.0,0.74,0.31812
14:21:03,FC2D762C,openml,6969,3783973,optimized,2097152.0,0.75,0.465815
14:21:03,FC2D762C,openml,6969,3784141,optimized,2097152.0,0.77,0.274979
14:21:03,FC2D762C,openml,6969,3784230,optimized,2097152.0,0.77,0.253195
14:21:03,FC2D762C,openml,6969,3784322,optimized,2097152.0,0.8,0.336971
14:21:03,FC2D762C,openml,6969,3784723,optimized,2097152.0,0.74,0.32547
14:21:03,FC2D762C,openml,6969,3784868,optimized,2097152.0,0.77,0.347743
14:21:03,FC2D762C,openml,6969,3785083,optimized,2097152.0,0.75,0.303649
14:21:03,FC2D762C,openml,6969,3785126,optimized,2097152.0,0.74,0.386326
14:21:03,FC2D762C,openml,6969,3785171,optimized,2097152.0,0.75,0.269489
14:21:03,FC2D762C,openml,6969,3785206,optimized,2097152.0,0.76,0.277813
14:21:03,FC2D762C,openml,6969,3785228,optimized,2097152.0,0.78,0.324442
14:21:03,FC2D762C,openml,6969,3785589,optimized,2097152.0,0.75,0.284654
14:21:03,FC2D762C,openml,6969,3785925,optimized,2097152.0,0.79,0.618947
14:21:03,FC2D762C,openml,6969,3785972,optimized,2097152.0,0.74,0.210919
14:21:03,FC2D762C,openml,6969,3785973,optimized,2097152.0,0.71,0.387055
14:21:03,FC2D762C,openml,6969,3785988,optimized,2097152.0,0.75,0.421173
14:21:03,FC2D762C,openml,6969,3786073,optimized,2097152.0,0.77,0.383009
14:21:03,FC2D762C,openml,6969,3786209,optimized,2097152.0,0.77,0.347791
14:21:03,FC2D762C,openml,6969,3786342,optimized,2097152.0,0.79,0.363507
14:21:03,FC2D762C,openml,6969,3786571,optimized,2097152.0,0.78,0.456597
14:21:03,FC2D762C,openml,6969,3786728,optimized,2097152.0,0.78,0.324241
14:21:03,FC2D762C,openml,6969,3786904,optimized,2097152.0,0.78,0.256534
14:21:03,FC2D762C,openml,6969,3787194,optimized,2097152.0,0.75,0.260563
14:21:03,FC2D762C,openml,6969,3787210,optimized,2097152.0,0.77,0.231685
14:21:03,FC2D762C,openml,6969,3787491,optimized,2097152.0,0.73,0.383271
14:21:03,FC2D762C,openml,6969,3787550,optimized,2097152.0,0.75,0.257399
14:21:03,FC2D762C,openml,6969,3787668,optimized,2097152.0,0.76,0.372446
14:21:03,FC2D762C,openml,6969,3787692,optimized,2097152.0,0.77,0.238654
14:21:03,FC2D762C,openml,6969,3787693,optimized,2097152.0,0.77,0.340905
14:21:03,FC2D762C,openml,6969,3788150,optimized,2097152.0,0.78,0.296198
14:21:03,FC2D762C,openml,6969,3788174,optimized,2097152.0,0.74,0.325388
14:21:03,FC2D762C,openml,6969,3788299,optimized,2097152.0,0.73,0.281964
14:21:03,FC2D762C,openml,6969,3788833,optimized,2097152.0,0.73,0.480889
14:21:03,FC2D762C,openml,6969,3788841,optimized,2097152.0,0.77,0.300297
14:21:03,FC2D762C,openml,6969,3788964,optimized,2097152.0,0.77,0.32072
14:21:03,FC2D762C,openml,6969,3788975,optimized,2097152.0,0.74,0.325511
14:21:03,FC2D762C,openml,6969,3789347,optimized,2097152.0,0.77,0.430219
14:21:03,FC2D762C,openml,6969,3789589,optimized,2097152.0,0.73,0.321421
14:21:03,FC2D762C,openml,6969,3789618,optimized,2097152.0,0.78,0.412145
14:21:03,FC2D762C,openml,6969,3789667,optimized,2097152.0,0.77,0.407727
14:21:03,FC2D762C,openml,6969,3789680,optimized,2097152.0,0.76,0.305297
14:21:03,FC2D762C,openml,6969,3789910,optimized,2097152.0,0.75,0.32554
14:21:03,FC2D762C,openml,6969,3790145,optimized,2097152.0,0.77,0.279279
14:21:03,FC2D762C,openml,6969,3790187,optimized,2097152.0,0.77,0.328342
14:21:03,FC2D762C,openml,6969,3790553,optimized,2097152.0,0.78,0.266256
14:21:03,FC2D762C,openml,6969,3790661,optimized,2097152.0,0.77,0.444594
14:21:03,FC2D762C,openml,6969,3790666,optimized,2097152.0,0.77,0.399855
14:21:03,FC2D762C,openml,6969,3790945,optimized,2097152.0,0.75,0.335845
14:21:03,FC2D762C,openml,6969,3790946,optimized,2097152.0,0.76,0.220571
14:21:03,FC2D762C,openml,6969,3791097,optimized,2097152.0,0.75,0.462873
14:21:03,FC2D762C,openml,6969,3791283,optimized,2097152.0,0.76,0.319213
14:21:03,FC2D762C,openml,6969,3791325,optimized,2097152.0,0.75,0.525094
14:21:03,FC2D762C,openml,6969,3791471,optimized,2097152.0,0.75,0.475528
14:21:03,FC2D762C,openml,6969,3791795,optimized,2097152.0,0.76,0.338036
14:21:03,FC2D762C,openml,6969,3791864,optimized,2097152.0,0.77,0.248566
14:21:03,FC2D762C,openml,6969,3791962,optimized,2097152.0,0.77,0.482925
14:21:03,FC2D762C,openml,6969,3792030,optimized,2097152.0,0.76,0.473473
14:21:03,FC2D762C,openml,6969,3792233,optimized,2097152.0,0.77,0.23617
14:21:03,FC2D762C,openml,6969,3792313,optimized,2097152.0,0.76,0.486607
14:21:03,FC2D762C,openml,6969,3792691,optimized,2097152.0,0.78,0.27805
14:21:03,FC2D762C,openml,6969,3792804,optimized,2097152.0,0.72,0.375815
14:21:03,FC2D762C,openml,6969,3792812,optimized,2097152.0,0.77,0.296111
14:21:03,FC2D762C,openml,6969,3793001,optimized,2097152.0,0.78,0.26456
14:21:03,FC2D762C,openml,6969,3793093,optimized,2097152.0,0.77,0.584499
14:21:03,FC2D762C,openml,6969,3793373,optimized,2097152.0,0.76,0.233476
14:21:03,FC2D762C,openml,6969,3793573,optimized,2097152.0,0.76,0.403424
14:21:03,FC2D762C,openml,6969,3793647,optimized,2097152.0,0.75,0.224695
14:21:03,FC2D762C,openml,6969,3793813,optimized,2097152.0,0.76,0.356111
14:21:03,FC2D762C,openml,6969,3794027,optimized,2097152.0,0.78,0.317742
14:21:03,FC2D762C,openml,6969,3794132,optimized,2097152.0,0.77,0.284848
14:21:03,FC2D762C,openml,6969,3794167,optimized,2097152.0,0.79,0.278849
14:21:03,FC2D762C,openml,6969,3794335,optimized,2097152.0,0.75,0.217604
14:21:03,FC2D762C,openml,6969,3794336,optimized,2097152.0,0.79,0.332574
14:21:03,FC2D762C,openml,6969,3794708,optimized,2097152.0,0.78,0.239872
14:21:03,FC2D762C,openml,6969,3794822,optimized,2097152.0,0.74,0.374695
14:21:03,FC2D762C,openml,6969,3795049,optimized,2097152.0,0.77,0.450064
14:21:03,FC2D762C,openml,6969,3795061,optimized,2097152.0,0.79,0.405348
14:21:03,FC2D762C,openml,6969,3795067,optimized,2097152.0,0.79,0.55753
14:21:03,FC2D762C,openml,6969,3795379,optimized,2097152.0,0.77,0.366672
14:21:03,FC2D762C,openml,6969,3795476,optimized,2097152.0,0.76,0.210856
14:21:03,FC2D762C,openml,6969,3795737,optimized,2097152.0,0.79,0.308988
14:21:03,FC2D762C,openml,6969,3795753,optimized,2097152.0,0.77,0.293042
14:21:03,FC2D762C,openml,6969,3795754,optimized,2097152.0,0.75,0.373754
14:21:03,FC2D762C,openml,6969,3795779,optimized,2097152.0,0.73,0.491095
14:21:03,FC2D762C,openml,6969,3796261,optimized,2097152.0,0.8,0.327388
14:21:03,FC2D762C,openml,6969,3796273,optimized,2097152.0,0.79,0.328887
14:21:03,FC2D762C,openml,6969,3796422,optimized,2097152.0,0.79,0.306122
14:21:03,FC2D762C,openml,6969,3796481,optimized,2097152.0,0.77,0.367501
14:21:03,FC2D762C,openml,6969,3796806,optimized,2097152.0,0.79,0.384428
14:21:03,FC2D762C,openml,6969,3796904,optimized,2097152.0,0.75,0.449994
14:21:03,FC2D762C,openml,6969,3796910,optimized,2097152.0,0.74,0.404542
14:21:03,FC2D762C,openml,6969,3797230,optimized,2097152.0,0.8,0.242509
14:21:03,FC2D762C,openml,6969,3797383,optimized,2097152.0,0.75,0.306712
14:21:03,FC2D762C,openml,6969,3797386,optimized,2097152.0,0.78,0.332123
14:21:03,FC2D762C,openml,6969,3797556,optimized,2097152.0,0.75,0.304557
14:21:03,FC2D762C,openml,6969,3797561,optimized,2097152.0,0.76,0.4234
14:21:03,FC2D762C,openml,6969,3797658,optimized,2097152.0,0.76,0.337088
14:21:03,FC2D762C,openml,6969,3797707,optimized,2097152.0,0.76,0.294927
14:21:03,FC2D762C,openml,6969,3798019,optimized,2097152.0,0.73,0.307336
14:21:03,FC2D762C,openml,6969,3798043,optimized,2097152.0,0.77,0.239589
14:21:03,FC2D762C,openml,6969,3798196,optimized,2097152.0,0.75,0.288311
14:21:03,FC2D762C,openml,6969,3798346,optimized,2097152.0,0.75,0.384569
14:21:03,FC2D762C,openml,6969,3798444,optimized,2097152.0,0.8,0.245036
14:21:03,FC2D762C,openml,6969,3798575,optimized,2097152.0,0.75,0.254722
14:21:03,FC2D762C,openml,6969,3798727,optimized,2097152.0,0.76,0.226719
14:21:03,FC2D762C,openml,6969,3798870,optimized,2097152.0,0.74,0.388644
14:21:03,FC2D762C,openml,6969,3798978,optimized,2097152.0,0.77,0.224992
14:21:03,FC2D762C,openml,6969,3799013,optimized,2097152.0,0.77,0.206919
14:21:03,FC2D762C,openml,6969,3799170,optimized,2097152.0,0.79,0.26584
14:21:03,FC2D762C,openml,6969,3799226,optimized,2097152.0,0.76,0.319934
14:21:03,FC2D762C,openml,6969,3799577,optimized,2097152.0,0.75,0.364685
14:21:03,FC2D762C,openml,6969,3799595,optimized,2097152.0,0.73,0.24258
14:21:03,FC2D762C,openml,6969,3799758,optimized,2097152.0,0.78,0.482694
14:21:03,FC2D762C,openml,6969,3799916,optimized,2097152.0,0.74,0.323512
14:21:03,FC2D762C,openml,6969,3799959,optimized,2097152.0,0.77,0.27303
14:21:03,FC2D762C,openml,6969,3800036,optimized,2097152.0,0.76,0.260471
14:21:03,FC2D762C,openml,6969,3800297,optimized,2097152.0,0.77,0.324106
14:21:03,FC2D762C,openml,6969,3800338,optimized,2097152.0,0.76,0.243563
14:21:03,FC2D762C,openml,6969,3800440,optimized,2097152.0,0.77,0.239722
14:21:03,FC2D762C,openml,6969,3800535,optimized,2097152.0,0.76,0.299618
14:21:03,FC2D762C,openml,6969,3800908,optimized,2097152.0,0.73,0.289276
14:21:03,FC2D762C,openml,6969,3800991,optimized,2097152.0,0.78,0.440172
14:21:03,FC2D762C,openml,6969,3801071,optimized,2097152.0,0.78,0.365733
14:21:03,FC2D762C,openml,6969,3801195,optimized,2097152.0,0.76,0.512969
14:21:03,FC2D762C,openml,6969,3801220,optimized,2097152.0,0.75,0.364072
14:21:03,FC2D762C,openml,6969,3801335,optimized,2097152.0,0.75,0.307704
14:21:03,FC2D762C,openml,6969,3801555,optimized,2097152.0,0.77,0.539496
14:21:03,FC2D762C,openml,6969,3801756,optimized,2097152.0,0.76,0.249719
14:21:03,FC2D762C,openml,6969,3801792,optimized,2097152.0,0.73,0.308358
14:21:03,FC2D762C,openml,6969,3801908,optimized,2097152.0,0.76,0.216874
14:21:03,FC2D762C,openml,6969,3802037,optimized,2097152.0,0.81,0.352257
14:21:03,FC2D762C,openml,6969,3802143,optimized,2097152.0,0.77,0.265929
14:21:03,FC2D762C,openml,6969,3802144,optimized,2097152.0,0.78,0.317205
14:21:03,FC2D762C,openml,6969,3802249,optimized,2097152.0,0.75,0.266614
14:21:03,FC2D762C,openml,6969,3802365,optimized,2097152.0,0.77,0.312929
14:21:03,FC2D762C,openml,6969,3802687,optimized,2097152.0,0.76,0.324769
14:21:03,FC2D762C,openml,6969,3802688,optimized,2097152.0,0.78,0.323085
14:21:03,FC2D762C,openml,6969,3802773,optimized,2097152.0,0.79,0.232951
14:21:03,FC2D762C,openml,6969,3802920,optimized,2097152.0,0.78,0.348575
14:21:03,FC2D762C,openml,6969,3802937,optimized,2097152.0,0.79,0.262276
14:21:03,FC2D762C,openml,6969,3803302,optimized,2097152.0,0.76,0.458129
14:21:03,FC2D762C,openml,6969,3803350,optimized,2097152.0,0.8,0.317507
14:21:03,FC2D762C,openml,6969,3803422,optimized,2097152.0,0.76,0.454578
14:21:03,FC2D762C,openml,6969,3803511,optimized,2097152.0,0.79,0.604975
14:21:03,FC2D762C,openml,6969,3803771,optimized,2097152.0,0.76,0.371449
14:21:03,FC2D762C,openml,6969,3803833,optimized,2097152.0,0.8,0.229331
14:21:03,FC2D762C,openml,6969,3803876,optimized,2097152.0,0.75,0.22606
14:21:03,FC2D762C,openml,6969,3803899,optimized,2097152.0,0.79,0.480528
14:21:03,FC2D762C,openml,6969,3804231,optimized,2097152.0,0.74,0.24299
14:21:03,FC2D762C,openml,6969,3804268,optimized,2097152.0,0.77,0.387271
14:21:03,FC2D762C,openml,6969,3804283,optimized,2097152.0,0.76,0.421087
14:21:03,FC2D762C,openml,6969,3804285,optimized,2097152.0,0.76,0.447793
14:21:03,FC2D762C,openml,6969,3804599,optimized,2097152.0,0.77,0.244806
14:21:03,FC2D762C,openml,6969,3804667,optimized,2097152.0,0.75,0.252613
14:21:03,FC2D762C,openml,6969,3804729,optimized,2097152.0,0.75,0.249799
14:21:03,FC2D762C,openml,6969,3805000,optimized,2097152.0,0.75,0.305273
14:21:03,FC2D762C,openml,6969,3805109,optimized,2097152.0,0.8,0.304434
14:21:03,FC2D762C,openml,6969,3805435,optimized,2097152.0,0.79,0.660437
14:21:03,FC2D762C,openml,6969,3805522,optimized,2097152.0,0.77,0.319299
14:21:03,FC2D762C,openml,6969,3805526,optimized,2097152.0,0.77,0.235394
14:21:03,FC2D762C,openml,6969,3805591,optimized,2097152.0,0.77,0.311246
14:21:03,FC2D762C,openml,6969,3805827,optimized,2097152.0,0.78,0.663766
14:21:03,FC2D762C,openml,6969,3805874,optimized,2097152.0,0.74,0.287803
14:21:03,FC2D762C,openml,6969,3805938,optimized,2097152.0,0.78,0.472832
14:21:03,FC2D762C,openml,6969,3806095,optimized,2097152.0,0.77,0.263893
14:21:03,FC2D762C,openml,6969,3806196,optimized,2097152.0,0.77,0.308433
14:21:03,FC2D762C,openml,6969,3806508,optimized,2097152.0,0.76,0.379752
14:21:03,FC2D762C,openml,6969,3806589,optimized,2097152.0,0.76,0.321448
14:21:03,FC2D762C,openml,6969,3806655,optimized,2097152.0,0.77,0.468939
14:21:03,FC2D762C,openml,6969,3806821,optimized,2097152.0,0.76,0.351507
14:21:03,FC2D762C,openml,6969,3806887,optimized,2097152.0,0.76,0.308839
14:21:03,FC2D762C,openml,6969,3806910,optimized,2097152.0,0.78,0.232953
14:21:03,FC2D762C,openml,6969,3807013,optimized,2097152.0,0.79,0.295193
14:21:03,FC2D762C,openml,6969,3807432,optimized,2097152.0,0.8,0.312495
14:21:03,FC2D762C,openml,6969,3807469,optimized,2097152.0,0.78,0.24265
14:21:03,FC2D762C,openml,6969,3807590,optimized,2097152.0,0.79,0.359744
14:21:03,FC2D762C,openml,6969,3807858,optimized,2097152.0,0.8,0.294315
14:21:03,FC2D762C,openml,6969,3807939,optimized,2097152.0,0.78,0.267462
14:21:03,FC2D762C,openml,6969,3807948,optimized,2097152.0,0.79,0.223088
14:21:03,FC2D762C,openml,6969,3807986,optimized,2097152.0,0.8,0.336364
14:21:03,FC2D762C,openml,6969,3808092,optimized,2097152.0,0.75,0.231808
14:21:03,FC2D762C,openml,6969,3808472,optimized,2097152.0,0.8,0.254698
14:21:03,FC2D762C,openml,6969,3808507,optimized,2097152.0,0.78,0.307202
14:21:03,FC2D762C,openml,6969,3808726,optimized,2097152.0,0.77,0.334877
14:21:03,FC2D762C,openml,6969,3808787,optimized,2097152.0,0.77,0.281988
14:21:03,FC2D762C,openml,6969,3808947,optimized,2097152.0,0.78,0.311014
14:21:03,FC2D762C,openml,6969,3809179,optimized,2097152.0,0.76,0.273816
14:21:03,FC2D762C,openml,6969,3809610,optimized,2097152.0,0.77,0.277712
14:21:03,FC2D762C,openml,6969,3809626,optimized,2097152.0,0.78,0.344401
14:21:03,FC2D762C,openml,6952,3809663,optimized,2097152.0,0.7,0.189521
14:21:03,FC2D762C,openml,6969,3809732,optimized,2097152.0,0.77,0.364946
14:21:03,FC2D762C,openml,6969,3809755,optimized,2097152.0,0.75,0.319449
14:21:03,FC2D762C,openml,6969,3809770,optimized,2097152.0,0,Failed!
14:21:03,FC2D762C,openml,6969,3809860,optimized,2097152.0,0.78,0.271971
14:21:03,FC2D762C,openml,6969,3810013,optimized,2097152.0,0.76,0.322431
14:21:03,FC2D762C,openml,6969,3810191,optimized,2097152.0,0,Failed!
