20:55:06,FC99F724,openml,5804,36487,best_n,0.1,1,1.627888
20:55:06,FC99F724,openml,5909,36567,best_n,0.1,1,1.942209
20:55:06,FC99F724,openml,5910,36868,best_n,0.1,0,1.171786
20:55:06,FC99F724,openml,5913,43851,best_n,0.1,0,2.110657
20:55:06,FC99F724,openml,5914,44102,best_n,0.1,0,19.534678
20:55:06,FC99F724,openml,5909,47569,best_n,0.1,0,0.704114
20:55:06,FC99F724,openml,5909,47570,best_n,0.1,0,0.712906
20:55:06,FC99F724,openml,5909,47571,best_n,0.1,0,0.702687
20:55:06,FC99F724,openml,5909,47572,best_n,0.1,0,0.701081
20:55:06,FC99F724,openml,5909,47573,best_n,0.1,0,0.706466
20:55:06,FC99F724,openml,5909,47574,best_n,0.1,0,0.732132
20:55:06,FC99F724,openml,5909,47575,best_n,0.1,0,0.734075
20:55:06,FC99F724,openml,5909,47576,best_n,0.1,0,0.710432
20:55:06,FC99F724,openml,6269,182594,best_n,0.1,0,0.625947
20:55:06,FC99F724,openml,6268,184535,best_n,0.1,0,1.48324
20:55:06,FC99F724,openml,6268,215937,best_n,0.1,0,0.648096
20:55:06,FC99F724,openml,6268,215938,best_n,0.1,0,0.672215
20:55:06,FC99F724,openml,5804,216560,best_n,0.1,0,0.662551
20:55:06,FC99F724,openml,5804,216646,best_n,0.1,0,0.674299
20:55:06,FC99F724,openml,5804,216682,best_n,0.1,0,0.696809
20:55:06,FC99F724,openml,5804,216692,best_n,0.1,0,0.714965
20:55:06,FC99F724,openml,5804,216704,best_n,0.1,0,0.720483
20:55:06,FC99F724,openml,5804,216706,best_n,0.1,0,0.723998
20:55:06,FC99F724,openml,5804,216707,best_n,0.1,0,0.711205
20:55:06,FC99F724,openml,5804,216707,best_n,0.1,0,0.711022
20:55:06,FC99F724,openml,5804,216708,best_n,0.1,0,0.670444
20:55:06,FC99F724,openml,5804,216709,best_n,0.1,0,0.689444
20:55:06,FC99F724,openml,5804,216710,best_n,0.1,0,0.67149
20:55:06,FC99F724,openml,5804,216721,best_n,0.1,0,0.681158
20:55:06,FC99F724,openml,5804,216722,best_n,0.1,0,0.675315
20:55:06,FC99F724,openml,5995,216723,best_n,0.1,0,6.422536
20:55:06,FC99F724,openml,5804,216724,best_n,0.1,0,0.712569
20:55:06,FC99F724,openml,5804,217072,best_n,0.1,0,0.685608
20:55:06,FC99F724,openml,5804,217116,best_n,0.1,0,0.677656
20:55:06,FC99F724,openml,5804,220204,best_n,0.1,0,0.690867
20:55:06,FC99F724,openml,6334,298327,best_n,0.1,0,0.360468
20:55:06,FC99F724,openml,6840,1844809,best_n,0.1,0,0.353336
20:55:06,FC99F724,openml,6840,1846935,best_n,0.1,0,0.371508
20:55:06,FC99F724,openml,6840,1846979,best_n,0.1,0,0.358468
20:55:06,FC99F724,openml,6840,1847182,best_n,0.1,0,0.349774
20:55:06,FC99F724,openml,6840,1849492,best_n,0.1,0,0.350066
20:55:06,FC99F724,openml,6840,1852280,best_n,0.1,0,0.356291
20:55:06,FC99F724,openml,6840,1867697,best_n,0.1,0,0.359436
20:55:06,FC99F724,openml,6840,1868005,best_n,0.1,0,0.352634
20:55:06,FC99F724,openml,6840,1868135,best_n,0.1,0,0.350787
20:55:06,FC99F724,openml,6840,1868388,best_n,0.1,0,0.353278
20:55:06,FC99F724,openml,6840,1868606,best_n,0.1,0,0.363124
20:55:06,FC99F724,openml,6840,1868916,best_n,0.1,0,0.355948
20:55:06,FC99F724,openml,6840,1868942,best_n,0.1,0,0.353579
20:55:06,FC99F724,openml,6840,1869641,best_n,0.1,0,0.353673
20:55:06,FC99F724,openml,6840,1870010,best_n,0.1,0,0.364487
20:55:06,FC99F724,openml,6840,1870505,best_n,0.1,0,0.363604
20:55:06,FC99F724,openml,6840,1870758,best_n,0.1,0,0.348934
20:55:06,FC99F724,openml,6840,1873562,best_n,0.1,0,0.354098
20:55:06,FC99F724,openml,6840,1874550,best_n,0.1,0,0.352754
20:55:06,FC99F724,openml,6840,1875280,best_n,0.1,0,0.35389
20:55:06,FC99F724,openml,6840,1878141,best_n,0.1,0,0.368191
20:55:06,FC99F724,openml,6840,1883629,best_n,0.1,0,0.35861
20:55:06,FC99F724,openml,6840,1883715,best_n,0.1,0,0.350496
20:55:06,FC99F724,openml,6840,1884130,best_n,0.1,0,0.354647
20:55:06,FC99F724,openml,6840,1885239,best_n,0.1,0,0.362101
20:55:06,FC99F724,openml,6840,1885560,best_n,0.1,0,0.360899
20:55:06,FC99F724,openml,6840,1885569,best_n,0.1,0,0.358997
20:55:06,FC99F724,openml,6840,1885962,best_n,0.1,0,0.373459
20:55:06,FC99F724,openml,6840,1886032,best_n,0.1,0,0.364277
20:55:06,FC99F724,openml,6840,1886747,best_n,0.1,0,0.356654
20:55:06,FC99F724,openml,6840,1887925,best_n,0.1,0,0.344309
20:55:06,FC99F724,openml,6840,1888486,best_n,0.1,0,0.364098
20:55:06,FC99F724,openml,6840,1889505,best_n,0.1,0,0.365484
20:55:06,FC99F724,openml,6840,1890523,best_n,0.1,0,0.35414
20:55:06,FC99F724,openml,6840,1890623,best_n,0.1,0,0.353903
20:55:06,FC99F724,openml,6840,1890676,best_n,0.1,0,0.356866
20:55:06,FC99F724,openml,6840,1890809,best_n,0.1,0,0.371616
20:55:06,FC99F724,openml,6840,1890929,best_n,0.1,0,0.360741
20:55:06,FC99F724,openml,6840,1891139,best_n,0.1,0,0.362656
20:55:06,FC99F724,openml,6840,1891730,best_n,0.1,0,0.354728
20:55:06,FC99F724,openml,6840,1891736,best_n,0.1,0,0.363847
20:55:06,FC99F724,openml,6840,1893096,best_n,0.1,0,0.349817
20:55:06,FC99F724,openml,6840,1895371,best_n,0.1,0,0.358893
20:55:06,FC99F724,openml,6840,1897009,best_n,0.1,0,0.355839
20:55:06,FC99F724,openml,6840,1897209,best_n,0.1,0,0.366047
20:55:06,FC99F724,openml,6840,1897596,best_n,0.1,0,0.360426
20:55:06,FC99F724,openml,6840,1899021,best_n,0.1,0,0.359263
20:55:06,FC99F724,openml,6840,1899026,best_n,0.1,0,0.348387
20:55:06,FC99F724,openml,6840,1899413,best_n,0.1,0,0.3621
20:55:06,FC99F724,openml,6840,1900647,best_n,0.1,0,0.348836
20:55:06,FC99F724,openml,6840,1900736,best_n,0.1,0,0.36356
20:55:06,FC99F724,openml,6840,1909396,best_n,0.1,0,0.365365
20:55:06,FC99F724,openml,6840,1909740,best_n,0.1,0,0.352212
20:55:06,FC99F724,openml,6840,1910907,best_n,0.1,0,0.346859
20:55:06,FC99F724,openml,6840,1914320,best_n,0.1,0,0.357523
20:55:06,FC99F724,openml,6840,1914513,best_n,0.1,0,0.355749
20:55:06,FC99F724,openml,6840,1915082,best_n,0.1,0,0.361343
20:55:06,FC99F724,openml,6840,1915312,best_n,0.1,0,0.350249
20:55:06,FC99F724,openml,6840,2003815,best_n,0.1,0,0.34916
20:55:06,FC99F724,openml,6840,2004385,best_n,0.1,0,0.350606
20:55:06,FC99F724,openml,6840,2005862,best_n,0.1,0,0.346117
20:55:06,FC99F724,openml,6840,2007754,best_n,0.1,0,0.362112
20:55:06,FC99F724,openml,6840,2008645,best_n,0.1,0,0.353737
20:55:06,FC99F724,openml,6840,2009132,best_n,0.1,0,0.34938
20:55:06,FC99F724,openml,6840,2009486,best_n,0.1,0,0.351557
20:55:06,FC99F724,openml,6840,2009612,best_n,0.1,0,0.360448
20:55:06,FC99F724,openml,6840,2009881,best_n,0.1,0,0.355702
20:55:06,FC99F724,openml,6840,2011406,best_n,0.1,0,0.361987
20:55:06,FC99F724,openml,6840,2014063,best_n,0.1,0,0.367227
20:55:06,FC99F724,openml,6840,2014154,best_n,0.1,0,0.36124
20:55:06,FC99F724,openml,6840,2014820,best_n,0.1,0,0.351894
20:55:06,FC99F724,openml,6840,2016788,best_n,0.1,0,0.356721
20:55:06,FC99F724,openml,6840,2016799,best_n,0.1,0,0.352011
20:55:06,FC99F724,openml,6840,2016875,best_n,0.1,0,0.357845
20:55:06,FC99F724,openml,6840,2016927,best_n,0.1,0,0.353284
20:55:06,FC99F724,openml,6840,2018301,best_n,0.1,0,0.351403
20:55:06,FC99F724,openml,6840,2019896,best_n,0.1,0,0.357902
20:55:06,FC99F724,openml,6840,2020830,best_n,0.1,0,0.356399
20:55:06,FC99F724,openml,6840,2022155,best_n,0.1,0,0.352525
20:55:06,FC99F724,openml,6840,2023109,best_n,0.1,0,0.359647
20:55:06,FC99F724,openml,6840,2023812,best_n,0.1,0,0.362347
20:55:06,FC99F724,openml,6840,2024409,best_n,0.1,0,0.362604
20:55:06,FC99F724,openml,6840,2024779,best_n,0.1,0,0.353172
20:55:06,FC99F724,openml,6840,2025698,best_n,0.1,0,0.356379
20:55:06,FC99F724,openml,6840,2025826,best_n,0.1,0,0.361275
20:55:06,FC99F724,openml,6840,2027877,best_n,0.1,0,0.355619
20:55:06,FC99F724,openml,6840,2028414,best_n,0.1,0,0.354222
20:55:06,FC99F724,openml,6840,2028432,best_n,0.1,0,0.3503
20:55:06,FC99F724,openml,6840,2029915,best_n,0.1,0,0.357836
20:55:06,FC99F724,openml,6840,2030442,best_n,0.1,0,0.361044
20:55:06,FC99F724,openml,6840,2030450,best_n,0.1,0,0.354489
20:55:06,FC99F724,openml,6840,2031165,best_n,0.1,0,0.353413
20:55:06,FC99F724,openml,6840,2031278,best_n,0.1,0,0.348908
20:55:06,FC99F724,openml,6840,2031395,best_n,0.1,0,0.344847
20:55:06,FC99F724,openml,6840,2031402,best_n,0.1,0,0.350957
20:55:06,FC99F724,openml,6840,2031569,best_n,0.1,0,0.358977
20:55:06,FC99F724,openml,6840,2032497,best_n,0.1,0,0.351422
20:55:06,FC99F724,openml,6840,2033564,best_n,0.1,0,0.353412
20:55:06,FC99F724,openml,6840,2034884,best_n,0.1,0,0.35165
20:55:06,FC99F724,openml,6840,2035473,best_n,0.1,0,0.36367
20:55:06,FC99F724,openml,6840,2035623,best_n,0.1,0,0.371042
20:55:06,FC99F724,openml,6840,2036364,best_n,0.1,0,0.364507
20:55:06,FC99F724,openml,6840,2037267,best_n,0.1,0,0.361305
20:55:06,FC99F724,openml,6840,2037436,best_n,0.1,0,0.361774
20:55:06,FC99F724,openml,6840,2037958,best_n,0.1,0,0.363599
20:55:06,FC99F724,openml,6840,2040067,best_n,0.1,0,0.356463
20:55:06,FC99F724,openml,6840,2040976,best_n,0.1,0,0.347996
20:55:06,FC99F724,openml,6840,2041466,best_n,0.1,0,0.352646
20:55:06,FC99F724,openml,6840,2042180,best_n,0.1,0,0.3682
20:55:06,FC99F724,openml,6840,2042330,best_n,0.1,0,0.365745
20:55:06,FC99F724,openml,6840,2043290,best_n,0.1,0,0.352723
20:55:06,FC99F724,openml,6840,2045194,best_n,0.1,0,0.348962
20:55:06,FC99F724,openml,6840,2045412,best_n,0.1,0,0.360089
20:55:06,FC99F724,openml,6840,2046354,best_n,0.1,0,0.346707
20:55:06,FC99F724,openml,6840,2048899,best_n,0.1,0,0.364963
20:55:06,FC99F724,openml,6840,2051605,best_n,0.1,0,0.356096
20:55:06,FC99F724,openml,6840,2051992,best_n,0.1,0,0.346679
20:55:06,FC99F724,openml,6840,2053979,best_n,0.1,0,0.359656
20:55:06,FC99F724,openml,6840,2056968,best_n,0.1,0,0.353226
20:55:06,FC99F724,openml,6840,2057088,best_n,0.1,0,0.357378
20:55:06,FC99F724,openml,6840,2058244,best_n,0.1,0,0.357492
20:55:06,FC99F724,openml,6840,2058504,best_n,0.1,0,0.358344
20:55:06,FC99F724,openml,6840,2061119,best_n,0.1,0,0.359001
20:55:06,FC99F724,openml,6840,2061179,best_n,0.1,0,0.353963
20:55:06,FC99F724,openml,6840,2061374,best_n,0.1,0,0.356157
20:55:06,FC99F724,openml,6840,2063598,best_n,0.1,0,0.347033
20:55:06,FC99F724,openml,6840,2064257,best_n,0.1,0,0.346159
20:55:06,FC99F724,openml,6840,2064483,best_n,0.1,0,0.361819
20:55:06,FC99F724,openml,6840,2064743,best_n,0.1,0,0.350965
20:55:06,FC99F724,openml,6840,2065036,best_n,0.1,0,0.352011
20:55:06,FC99F724,openml,6840,2067330,best_n,0.1,0,0.353349
20:55:06,FC99F724,openml,6840,2068814,best_n,0.1,0,0.365495
20:55:06,FC99F724,openml,6840,2069481,best_n,0.1,0,0.34705
20:55:06,FC99F724,openml,6840,2070531,best_n,0.1,0,0.35452
20:55:06,FC99F724,openml,6840,2070971,best_n,0.1,0,0.355208
20:55:06,FC99F724,openml,6840,2072798,best_n,0.1,0,0.354226
20:55:06,FC99F724,openml,6840,2074862,best_n,0.1,0,0.351535
20:55:06,FC99F724,openml,6840,2076252,best_n,0.1,0,0.352779
20:55:06,FC99F724,openml,6840,2078341,best_n,0.1,0,0.352528
20:55:06,FC99F724,openml,6840,2078664,best_n,0.1,0,0.359507
20:55:06,FC99F724,openml,6840,2081962,best_n,0.1,0,0.352772
20:55:06,FC99F724,openml,6840,2081966,best_n,0.1,0,0.352477
20:55:06,FC99F724,openml,6840,2082006,best_n,0.1,0,0.357251
20:55:06,FC99F724,openml,6840,2083021,best_n,0.1,0,0.361164
20:55:06,FC99F724,openml,6840,2083516,best_n,0.1,0,0.353095
20:55:06,FC99F724,openml,6840,2086503,best_n,0.1,0,0.363052
20:55:06,FC99F724,openml,6840,2088600,best_n,0.1,0,0.365265
20:55:06,FC99F724,openml,6840,2088667,best_n,0.1,0,0.367655
20:55:06,FC99F724,openml,6840,2088799,best_n,0.1,0,0.359451
20:55:06,FC99F724,openml,6840,2089721,best_n,0.1,0,0.359331
20:55:06,FC99F724,openml,6840,2089944,best_n,0.1,0,0.345751
20:55:06,FC99F724,openml,6840,2090890,best_n,0.1,0,0.353701
20:55:06,FC99F724,openml,6840,2093700,best_n,0.1,0,0.371544
20:55:06,FC99F724,openml,6840,2094623,best_n,0.1,0,0.367196
20:55:06,FC99F724,openml,6840,2094784,best_n,0.1,0,0.356375
20:55:06,FC99F724,openml,6840,2097218,best_n,0.1,0,0.356464
20:55:06,FC99F724,openml,6840,2098799,best_n,0.1,0,0.352573
20:55:06,FC99F724,openml,6840,2100573,best_n,0.1,0,0.349411
20:55:06,FC99F724,openml,6840,2105544,best_n,0.1,0,0.359884
20:55:06,FC99F724,openml,6840,2106602,best_n,0.1,0,0.357771
20:55:06,FC99F724,openml,6840,2109921,best_n,0.1,0,0.358156
20:55:06,FC99F724,openml,6840,2110817,best_n,0.1,0,0.356957
20:55:06,FC99F724,openml,6840,2110933,best_n,0.1,0,0.348473
20:55:06,FC99F724,openml,6840,2112642,best_n,0.1,0,0.355249
20:55:06,FC99F724,openml,6840,2113001,best_n,0.1,0,0.354605
20:55:06,FC99F724,openml,6840,2113306,best_n,0.1,0,0.359287
20:55:06,FC99F724,openml,6840,2113549,best_n,0.1,0,0.350066
20:55:06,FC99F724,openml,6840,2113751,best_n,0.1,0,0.354423
20:55:06,FC99F724,openml,6840,2114009,best_n,0.1,0,0.36368
20:55:06,FC99F724,openml,6840,2114502,best_n,0.1,0,0.361496
20:55:06,FC99F724,openml,6840,2114561,best_n,0.1,0,0.347131
20:55:06,FC99F724,openml,6840,2115329,best_n,0.1,0,0.351769
20:55:06,FC99F724,openml,6840,2117562,best_n,0.1,0,0.368626
20:55:06,FC99F724,openml,6840,2118672,best_n,0.1,0,0.358264
20:55:06,FC99F724,openml,6840,2120558,best_n,0.1,0,0.377874
20:55:06,FC99F724,openml,6840,2121109,best_n,0.1,0,0.361802
20:55:06,FC99F724,openml,6840,2124369,best_n,0.1,0,0.355991
20:55:06,FC99F724,openml,6840,2124376,best_n,0.1,0,0.356859
20:55:06,FC99F724,openml,6840,2125132,best_n,0.1,0,0.355423
20:55:06,FC99F724,openml,6840,2132161,best_n,0.1,0,0.35174
20:55:06,FC99F724,openml,6840,2132842,best_n,0.1,0,0.351917
20:55:06,FC99F724,openml,6840,2132894,best_n,0.1,0,0.353483
20:55:06,FC99F724,openml,6840,2132935,best_n,0.1,0,0.361334
20:55:06,FC99F724,openml,6840,2133348,best_n,0.1,0,0.355094
20:55:06,FC99F724,openml,6840,2135584,best_n,0.1,0,0.359441
20:55:06,FC99F724,openml,6840,2136723,best_n,0.1,0,0.344638
20:55:06,FC99F724,openml,6840,2137527,best_n,0.1,0,0.361793
20:55:06,FC99F724,openml,6840,2138290,best_n,0.1,0,0.362116
20:55:06,FC99F724,openml,6840,2138566,best_n,0.1,0,0.363532
20:55:06,FC99F724,openml,6840,2141397,best_n,0.1,0,0.35725
20:55:06,FC99F724,openml,6840,2141484,best_n,0.1,0,0.355929
20:55:06,FC99F724,openml,6840,2141666,best_n,0.1,0,0.355861
20:55:06,FC99F724,openml,6840,2143352,best_n,0.1,0,0.358501
20:55:06,FC99F724,openml,6840,2143555,best_n,0.1,0,0.349739
20:55:06,FC99F724,openml,6840,2143813,best_n,0.1,0,0.353728
20:55:06,FC99F724,openml,6840,2145235,best_n,0.1,0,0.353047
20:55:06,FC99F724,openml,6840,2145296,best_n,0.1,0,0.35418
20:55:06,FC99F724,openml,6840,2145722,best_n,0.1,0,0.353655
20:55:06,FC99F724,openml,6840,2148176,best_n,0.1,0,0.350011
20:55:06,FC99F724,openml,6840,2148553,best_n,0.1,0,0.358216
20:55:06,FC99F724,openml,6840,2148712,best_n,0.1,0,0.358201
20:55:06,FC99F724,openml,6840,2149737,best_n,0.1,0,0.36364
20:55:06,FC99F724,openml,6840,2151874,best_n,0.1,0,0.346266
20:55:06,FC99F724,openml,6840,2153760,best_n,0.1,0,0.364633
20:55:06,FC99F724,openml,6840,2154223,best_n,0.1,0,0.358992
20:55:06,FC99F724,openml,6840,2154270,best_n,0.1,0,0.355627
20:55:06,FC99F724,openml,6840,2154486,best_n,0.1,0,0.356203
20:55:06,FC99F724,openml,6840,2155501,best_n,0.1,0,0.35125
20:55:06,FC99F724,openml,6840,2155506,best_n,0.1,0,0.35973
20:55:06,FC99F724,openml,6840,2155819,best_n,0.1,0,0.356191
20:55:06,FC99F724,openml,6840,2156221,best_n,0.1,0,0.361606
20:55:06,FC99F724,openml,6840,2157543,best_n,0.1,0,0.35137
20:55:06,FC99F724,openml,6840,2159600,best_n,0.1,0,0.354084
20:55:06,FC99F724,openml,6840,2159624,best_n,0.1,0,0.355498
20:55:06,FC99F724,openml,6840,2159870,best_n,0.1,0,0.356252
20:55:06,FC99F724,openml,6840,2160164,best_n,0.1,0,0.355469
20:55:06,FC99F724,openml,6840,2160373,best_n,0.1,0,0.356134
20:55:06,FC99F724,openml,6840,2162267,best_n,0.1,0,0.352496
20:55:06,FC99F724,openml,6840,2162757,best_n,0.1,0,0.354724
20:55:06,FC99F724,openml,6840,2163153,best_n,0.1,0,0.3612
20:55:06,FC99F724,openml,6840,2163224,best_n,0.1,0,0.36058
20:55:06,FC99F724,openml,6840,2163385,best_n,0.1,0,0.359952
20:55:06,FC99F724,openml,6840,2165071,best_n,0.1,0,0.355368
20:55:06,FC99F724,openml,6840,2165546,best_n,0.1,0,0.358153
20:55:06,FC99F724,openml,6840,2166044,best_n,0.1,0,0.359139
20:55:06,FC99F724,openml,6840,2167620,best_n,0.1,0,0.363717
20:55:06,FC99F724,openml,6840,2168107,best_n,0.1,0,0.354876
20:55:06,FC99F724,openml,6840,2168812,best_n,0.1,0,0.349981
20:55:06,FC99F724,openml,6840,2171014,best_n,0.1,0,0.353561
20:55:06,FC99F724,openml,6840,2171317,best_n,0.1,0,0.35765
20:55:06,FC99F724,openml,6840,2171801,best_n,0.1,0,0.361786
20:55:06,FC99F724,openml,6840,2171804,best_n,0.1,0,0.348812
20:55:06,FC99F724,openml,6840,2173269,best_n,0.1,0,0.340707
20:55:06,FC99F724,openml,6840,2173553,best_n,0.1,0,0.374685
20:55:06,FC99F724,openml,6840,2174891,best_n,0.1,0,0.350093
20:55:06,FC99F724,openml,6840,2175204,best_n,0.1,0,0.356162
20:55:06,FC99F724,openml,6840,2175729,best_n,0.1,0,0.358132
20:55:06,FC99F724,openml,6840,2176303,best_n,0.1,0,0.360471
20:55:06,FC99F724,openml,6840,2176431,best_n,0.1,0,0.360286
20:55:06,FC99F724,openml,6840,2177513,best_n,0.1,0,0.35332
20:55:06,FC99F724,openml,6840,2179921,best_n,0.1,0,0.344051
20:55:06,FC99F724,openml,6840,2180069,best_n,0.1,0,0.327713
20:55:06,FC99F724,openml,6840,2180904,best_n,0.1,0,0.36462
20:55:06,FC99F724,openml,6840,2181250,best_n,0.1,0,0.364537
20:55:06,FC99F724,openml,6840,2182506,best_n,0.1,0,0.375661
20:55:06,FC99F724,openml,6840,2182926,best_n,0.1,0,0.351501
20:55:06,FC99F724,openml,6840,2184086,best_n,0.1,0,0.36474
20:55:06,FC99F724,openml,6840,2184303,best_n,0.1,0,0.360648
20:55:06,FC99F724,openml,6840,2189148,best_n,0.1,0,0.367813
20:55:06,FC99F724,openml,6840,2189759,best_n,0.1,0,0.36752
20:55:06,FC99F724,openml,6840,2190607,best_n,0.1,0,0.355523
20:55:06,FC99F724,openml,6840,2190998,best_n,0.1,0,0.354773
20:55:06,FC99F724,openml,6840,2191010,best_n,0.1,0,0.353112
20:55:06,FC99F724,openml,6840,2192420,best_n,0.1,0,0.353264
20:55:06,FC99F724,openml,6840,2192769,best_n,0.1,0,0.351003
20:55:06,FC99F724,openml,6840,2193130,best_n,0.1,0,0.355832
20:55:06,FC99F724,openml,6840,2193818,best_n,0.1,0,0.35661
20:55:06,FC99F724,openml,6840,2193838,best_n,0.1,0,0.357686
20:55:06,FC99F724,openml,6840,2193877,best_n,0.1,0,0.360822
20:55:06,FC99F724,openml,6840,2194158,best_n,0.1,0,0.34824
20:55:06,FC99F724,openml,6840,2195738,best_n,0.1,0,0.371659
20:55:06,FC99F724,openml,6840,2199571,best_n,0.1,0,0.36469
20:55:06,FC99F724,openml,6840,2206378,best_n,0.1,0,0.358431
20:55:06,FC99F724,openml,6840,2207259,best_n,0.1,0,0.362324
20:55:06,FC99F724,openml,6840,2207268,best_n,0.1,0,0.361453
20:55:06,FC99F724,openml,6840,2208304,best_n,0.1,0,0.351867
20:55:06,FC99F724,openml,6840,2209647,best_n,0.1,0,0.358083
20:55:06,FC99F724,openml,6840,2210336,best_n,0.1,0,0.356449
20:55:06,FC99F724,openml,6840,2210780,best_n,0.1,0,0.351903
20:55:06,FC99F724,openml,6840,2212207,best_n,0.1,0,0.351429
20:55:06,FC99F724,openml,6840,2213291,best_n,0.1,0,0.362119
20:55:06,FC99F724,openml,6840,2214635,best_n,0.1,0,0.353411
20:55:06,FC99F724,openml,6840,2217119,best_n,0.1,0,0.352067
20:55:06,FC99F724,openml,6840,2222828,best_n,0.1,0,0.346824
20:55:06,FC99F724,openml,6840,2222860,best_n,0.1,0,0.361516
20:55:06,FC99F724,openml,6840,2223579,best_n,0.1,0,0.368607
20:55:06,FC99F724,openml,6840,2223652,best_n,0.1,0,0.360927
20:55:06,FC99F724,openml,6840,2223962,best_n,0.1,0,0.348479
20:55:06,FC99F724,openml,6840,2226054,best_n,0.1,0,0.360517
20:55:06,FC99F724,openml,6840,2227550,best_n,0.1,0,0.362886
20:55:06,FC99F724,openml,6840,2227884,best_n,0.1,0,0.356178
20:55:06,FC99F724,openml,6840,2228122,best_n,0.1,0,0.34662
20:55:06,FC99F724,openml,6840,2230728,best_n,0.1,0,0.356791
20:55:06,FC99F724,openml,6840,2525747,best_n,0.1,0,0.358729
20:55:06,FC99F724,openml,6840,2525821,best_n,0.1,0,0.352924
20:55:06,FC99F724,openml,6840,2527113,best_n,0.1,0,0.365809
20:55:06,FC99F724,openml,6840,2527913,best_n,0.1,0,0.350863
20:55:06,FC99F724,openml,6840,2527915,best_n,0.1,0,0.360144
20:55:06,FC99F724,openml,6840,2528173,best_n,0.1,0,0.354019
20:55:06,FC99F724,openml,6840,2528279,best_n,0.1,0,0.349114
20:55:06,FC99F724,openml,6840,2528367,best_n,0.1,0,0.353813
20:55:06,FC99F724,openml,6840,2528724,best_n,0.1,0,0.35753
20:55:06,FC99F724,openml,6840,2529715,best_n,0.1,0,0.355603
20:55:06,FC99F724,openml,6840,2530029,best_n,0.1,0,0.378731
20:55:06,FC99F724,openml,6840,2530646,best_n,0.1,0,0.371582
20:55:06,FC99F724,openml,6840,2531639,best_n,0.1,0,0.352937
20:55:06,FC99F724,openml,6840,2532048,best_n,0.1,0,0.360594
20:55:06,FC99F724,openml,6840,2532320,best_n,0.1,0,0.351689
20:55:06,FC99F724,openml,6840,2532342,best_n,0.1,0,0.36073
20:55:06,FC99F724,openml,6840,2532686,best_n,0.1,0,0.348839
20:55:06,FC99F724,openml,6840,2534320,best_n,0.1,0,0.365018
20:55:06,FC99F724,openml,6840,2534337,best_n,0.1,0,0.358629
20:55:06,FC99F724,openml,6840,2534694,best_n,0.1,0,0.362324
20:55:06,FC99F724,openml,6840,2535705,best_n,0.1,0,0.350193
20:55:06,FC99F724,openml,6840,2536022,best_n,0.1,0,0.353423
20:55:06,FC99F724,openml,6840,2536116,best_n,0.1,0,0.363759
20:55:06,FC99F724,openml,6840,2536188,best_n,0.1,0,0.362541
20:55:06,FC99F724,openml,6840,2536361,best_n,0.1,0,0.35404
20:55:06,FC99F724,openml,6840,2537153,best_n,0.1,0,0.35861
20:55:06,FC99F724,openml,6840,2537303,best_n,0.1,0,0.36916
20:55:06,FC99F724,openml,6840,2537742,best_n,0.1,0,0.358745
20:55:06,FC99F724,openml,6840,2537824,best_n,0.1,0,0.35276
20:55:06,FC99F724,openml,6840,2537914,best_n,0.1,0,0.359619
20:55:06,FC99F724,openml,6840,2537934,best_n,0.1,0,0.363219
20:55:06,FC99F724,openml,6840,2537957,best_n,0.1,0,0.36603
20:55:06,FC99F724,openml,6840,2538536,best_n,0.1,0,0.354357
20:55:06,FC99F724,openml,6840,2539548,best_n,0.1,0,0.350426
20:55:06,FC99F724,openml,6840,2540153,best_n,0.1,0,0.363625
20:55:06,FC99F724,openml,6840,2540668,best_n,0.1,0,0.356355
20:55:06,FC99F724,openml,6840,2541002,best_n,0.1,0,0.360718
20:55:06,FC99F724,openml,6840,2541070,best_n,0.1,0,0.351693
20:55:06,FC99F724,openml,6840,2541251,best_n,0.1,0,0.356129
20:55:06,FC99F724,openml,6840,2541323,best_n,0.1,0,0.350673
20:55:06,FC99F724,openml,6840,2542271,best_n,0.1,0,0.344621
20:55:06,FC99F724,openml,6840,2543356,best_n,0.1,0,0.363562
20:55:06,FC99F724,openml,6840,2543369,best_n,0.1,0,0.361615
20:55:06,FC99F724,openml,6840,2544265,best_n,0.1,0,0.358514
20:55:06,FC99F724,openml,6840,2544358,best_n,0.1,0,0.363576
20:55:06,FC99F724,openml,6840,2544359,best_n,0.1,0,0.358503
20:55:06,FC99F724,openml,6840,2544362,best_n,0.1,0,0.351141
20:55:06,FC99F724,openml,6840,2544905,best_n,0.1,0,0.349343
20:55:06,FC99F724,openml,6840,2544947,best_n,0.1,0,0.34997
20:55:06,FC99F724,openml,6840,2545527,best_n,0.1,0,0.358762
20:55:06,FC99F724,openml,6840,2545607,best_n,0.1,0,0.35023
20:55:06,FC99F724,openml,6840,2546656,best_n,0.1,0,0.367298
20:55:06,FC99F724,openml,6840,2546797,best_n,0.1,0,0.36195
20:55:06,FC99F724,openml,6840,2547448,best_n,0.1,0,0.357384
20:55:06,FC99F724,openml,6840,2547451,best_n,0.1,0,0.359354
20:55:06,FC99F724,openml,6840,2547508,best_n,0.1,0,0.357058
20:55:06,FC99F724,openml,6840,2547521,best_n,0.1,0,0.356597
20:55:06,FC99F724,openml,6840,2548682,best_n,0.1,0,0.359917
20:55:06,FC99F724,openml,6958,2597428,best_n,0.1,0,0.372748
20:55:06,FC99F724,openml,6954,2605035,best_n,0.1,0,0.781907
20:55:06,FC99F724,openml,6954,2605812,best_n,0.1,0,0.546905
20:55:06,FC99F724,openml,6954,2618392,best_n,0.1,0,0.761455
20:55:06,FC99F724,openml,6954,2627110,best_n,0.1,0,0.558764
20:55:06,FC99F724,openml,6954,2642150,best_n,0.1,0,13.560607
20:55:06,FC99F724,openml,6954,2728741,best_n,0.1,0,0.741985
20:55:06,FC99F724,openml,6954,2728831,best_n,0.1,0,0.563996
20:55:06,FC99F724,openml,6946,2746051,best_n,0.1,0,0.379306
20:55:06,FC99F724,openml,6946,2762160,best_n,0.1,0,0.369372
20:55:06,FC99F724,openml,6970,2817851,best_n,0.1,0,1.24028
20:55:06,FC99F724,openml,6970,2818113,best_n,0.1,0,0.948612
20:55:06,FC99F724,openml,6970,2818587,best_n,0.1,0,0.986611
20:55:06,FC99F724,openml,6970,2822527,best_n,0.1,0,0.849638
20:55:06,FC99F724,openml,6970,2823944,best_n,0.1,0,1.121681
20:55:06,FC99F724,openml,6970,2830716,best_n,0.1,0,0.460348
20:55:06,FC99F724,openml,6970,2832487,best_n,0.1,0,1.053025
20:55:06,FC99F724,openml,6970,2832574,best_n,0.1,0,0.550514
20:55:06,FC99F724,openml,6970,2836940,best_n,0.1,0,0.502425
20:55:06,FC99F724,openml,6970,2837962,best_n,0.1,0,0.583942
20:55:06,FC99F724,openml,6970,2841281,best_n,0.1,0,0.945263
20:55:06,FC99F724,openml,6970,2846258,best_n,0.1,0,1.086284
20:55:06,FC99F724,openml,6970,2847467,best_n,0.1,0,1.189202
20:55:06,FC99F724,openml,6970,2847654,best_n,0.1,0,1.091247
20:55:06,FC99F724,openml,6970,2848547,best_n,0.1,0,1.133432
20:55:06,FC99F724,openml,6970,2851769,best_n,0.1,0,0.461319
20:55:06,FC99F724,openml,6970,2855087,best_n,0.1,0,0.626661
20:55:06,FC99F724,openml,6970,2857300,best_n,0.1,0,0.680338
20:55:06,FC99F724,openml,6970,2859050,best_n,0.1,0,1.017827
20:55:06,FC99F724,openml,6970,2864699,best_n,0.1,0,0.832829
20:55:06,FC99F724,openml,6970,2866195,best_n,0.1,0,1.089072
20:55:06,FC99F724,openml,6970,2872397,best_n,0.1,0,0.527818
20:55:06,FC99F724,openml,6970,2872969,best_n,0.1,0,0.477167
20:55:06,FC99F724,openml,6970,2877650,best_n,0.1,0,1.042106
20:55:06,FC99F724,openml,6970,2883242,best_n,0.1,0,0.567718
20:55:06,FC99F724,openml,6970,2884186,best_n,0.1,0,0.449466
20:55:06,FC99F724,openml,6970,2888738,best_n,0.1,0,0.413286
20:55:06,FC99F724,openml,6970,2888889,best_n,0.1,0,0.601769
20:55:06,FC99F724,openml,6970,2890718,best_n,0.1,0,0.926686
20:55:06,FC99F724,openml,6970,2894893,best_n,0.1,0,0.443465
20:55:06,FC99F724,openml,6970,2895619,best_n,0.1,0,0.579394
20:55:06,FC99F724,openml,6970,2901345,best_n,0.1,0,1.150485
20:55:06,FC99F724,openml,6970,2903344,best_n,0.1,0,0.560006
20:55:06,FC99F724,openml,6970,2904598,best_n,0.1,0,0.470039
20:55:06,FC99F724,openml,6970,2909104,best_n,0.1,0,0.931217
20:55:06,FC99F724,openml,6970,2910431,best_n,0.1,0,0.511908
20:55:06,FC99F724,openml,6970,2914674,best_n,0.1,0,1.031782
20:55:06,FC99F724,openml,6970,2917219,best_n,0.1,0,0.533167
20:55:06,FC99F724,openml,6970,2918967,best_n,0.1,0,0.778728
20:55:06,FC99F724,openml,6970,2921614,best_n,0.1,0,1.226524
20:55:06,FC99F724,openml,6970,2925190,best_n,0.1,0,0.522559
20:55:06,FC99F724,openml,6970,2927414,best_n,0.1,0,1.224938
20:55:06,FC99F724,openml,6970,2928381,best_n,0.1,0,1.062225
20:55:06,FC99F724,openml,6970,2939266,best_n,0.1,0,0.821903
20:55:06,FC99F724,openml,6970,2939306,best_n,0.1,0,0.63218
20:55:06,FC99F724,openml,6970,2940546,best_n,0.1,0,0.764961
20:55:06,FC99F724,openml,6970,2941893,best_n,0.1,0,0.703523
20:55:06,FC99F724,openml,6970,2946221,best_n,0.1,0,0.554975
20:55:06,FC99F724,openml,6970,2950700,best_n,0.1,0,0.533855
20:55:06,FC99F724,openml,6970,2955536,best_n,0.1,0,0.559302
20:55:06,FC99F724,openml,6970,2956151,best_n,0.1,0,0.941678
20:55:06,FC99F724,openml,6970,2956245,best_n,0.1,0,0.728791
20:55:06,FC99F724,openml,6970,2960526,best_n,0.1,0,0.467878
20:55:06,FC99F724,openml,6970,2964848,best_n,0.1,0,1.090437
20:55:06,FC99F724,openml,6970,2968912,best_n,0.1,0,0.555389
20:55:06,FC99F724,openml,6970,2972917,best_n,0.1,0,0.616152
20:55:06,FC99F724,openml,6970,2974586,best_n,0.1,0,0.456126
20:55:06,FC99F724,openml,6970,2975565,best_n,0.1,0,1.207893
20:55:06,FC99F724,openml,6970,2977881,best_n,0.1,0,1.051312
20:55:06,FC99F724,openml,6970,2980562,best_n,0.1,0,0.645118
20:55:06,FC99F724,openml,6970,2983648,best_n,0.1,0,0.435752
20:55:06,FC99F724,openml,6970,2985505,best_n,0.1,0,0.515698
20:55:06,FC99F724,openml,6970,2989985,best_n,0.1,0,0.632615
20:55:06,FC99F724,openml,6970,2992782,best_n,0.1,0,1.138813
20:55:06,FC99F724,openml,6970,2998887,best_n,0.1,0,0.616159
20:55:06,FC99F724,openml,6970,3000143,best_n,0.1,0,1.08707
20:55:06,FC99F724,openml,6970,3001590,best_n,0.1,0,0.441659
20:55:06,FC99F724,openml,6970,3005650,best_n,0.1,0,0.964949
20:55:06,FC99F724,openml,6970,3008186,best_n,0.1,0,0.672996
20:55:06,FC99F724,openml,6970,3010907,best_n,0.1,0,0.755526
20:55:06,FC99F724,openml,6970,3013507,best_n,0.1,0,0.465711
20:55:06,FC99F724,openml,6970,3014668,best_n,0.1,0,0.535232
20:55:06,FC99F724,openml,6970,3019444,best_n,0.1,0,0.807727
20:55:06,FC99F724,openml,6970,3022497,best_n,0.1,0,0.730701
20:55:06,FC99F724,openml,6970,3024053,best_n,0.1,0,0.770042
20:55:06,FC99F724,openml,6970,3025569,best_n,0.1,0,0.599719
20:55:06,FC99F724,openml,6970,3030665,best_n,0.1,0,0.592194
20:55:06,FC99F724,openml,6970,3031155,best_n,0.1,0,0.483961
20:55:06,FC99F724,openml,6970,3032407,best_n,0.1,0,0.648878
20:55:06,FC99F724,openml,6969,3717412,best_n,0.1,0,0.740915
20:55:06,FC99F724,openml,6969,3717421,best_n,0.1,0,0.411707
20:55:06,FC99F724,openml,6969,3717678,best_n,0.1,0,0.645449
20:55:06,FC99F724,openml,6969,3717735,best_n,0.1,0,0.399146
20:55:06,FC99F724,openml,6969,3717891,best_n,0.1,0,0.409169
20:55:06,FC99F724,openml,6969,3717960,best_n,0.1,0,0.414212
20:55:06,FC99F724,openml,6969,3717962,best_n,0.1,0,0.401506
20:55:06,FC99F724,openml,6969,3718384,best_n,0.1,0,0.391401
20:55:06,FC99F724,openml,6969,3718441,best_n,0.1,0,0.838854
20:55:06,FC99F724,openml,6969,3718508,best_n,0.1,0,0.421126
20:55:06,FC99F724,openml,6969,3718787,best_n,0.1,0,0.398303
20:55:06,FC99F724,openml,6969,3718898,best_n,0.1,0,0.410136
20:55:06,FC99F724,openml,6969,3719092,best_n,0.1,0,0.410446
20:55:06,FC99F724,openml,6969,3719127,best_n,0.1,0,0.401195
20:55:06,FC99F724,openml,6969,3719128,best_n,0.1,0,0.409338
20:55:06,FC99F724,openml,6969,3719177,best_n,0.1,0,0.408026
20:55:06,FC99F724,openml,6969,3719198,best_n,0.1,0,0.404547
20:55:06,FC99F724,openml,6969,3719240,best_n,0.1,0,0.412015
20:55:06,FC99F724,openml,6969,3719500,best_n,0.1,0,0.401488
20:55:06,FC99F724,openml,6969,3719533,best_n,0.1,0,0.407952
20:55:06,FC99F724,openml,6969,3719757,best_n,0.1,0,0.403404
20:55:06,FC99F724,openml,6969,3719789,best_n,0.1,0,0.407368
20:55:06,FC99F724,openml,6969,3719913,best_n,0.1,0,0.416333
20:55:06,FC99F724,openml,6969,3720095,best_n,0.1,0,0.399732
20:55:06,FC99F724,openml,6969,3720256,best_n,0.1,0,0.41866
20:55:06,FC99F724,openml,6969,3720329,best_n,0.1,0,0.406158
20:55:06,FC99F724,openml,6969,3720428,best_n,0.1,0,0.404562
20:55:06,FC99F724,openml,6969,3720456,best_n,0.1,0,0.408201
20:55:06,FC99F724,openml,6969,3720582,best_n,0.1,0,0.403064
20:55:06,FC99F724,openml,6969,3720586,best_n,0.1,0,0.407869
20:55:06,FC99F724,openml,6969,3720640,best_n,0.1,0,0.412376
20:55:06,FC99F724,openml,6969,3720641,best_n,0.1,0,0.399824
20:55:06,FC99F724,openml,6969,3720826,best_n,0.1,0,0.394631
20:55:06,FC99F724,openml,6969,3721005,best_n,0.1,0,0.402221
20:55:06,FC99F724,openml,6969,3721048,best_n,0.1,0,0.414738
20:55:06,FC99F724,openml,6969,3721168,best_n,0.1,0,0.413621
20:55:06,FC99F724,openml,6969,3721260,best_n,0.1,0,0.398833
20:55:06,FC99F724,openml,6969,3721510,best_n,0.1,0,0.42188
20:55:06,FC99F724,openml,6969,3721640,best_n,0.1,0,0.411095
20:55:06,FC99F724,openml,6969,3721662,best_n,0.1,0,0.412451
20:55:06,FC99F724,openml,6969,3721700,best_n,0.1,0,0.422166
20:55:06,FC99F724,openml,6969,3721872,best_n,0.1,0,0.401232
20:55:06,FC99F724,openml,6969,3721921,best_n,0.1,0,0.413256
20:55:06,FC99F724,openml,6969,3721991,best_n,0.1,0,0.403413
20:55:06,FC99F724,openml,6969,3722045,best_n,0.1,0,0.399432
20:55:06,FC99F724,openml,6969,3722068,best_n,0.1,0,0.406606
20:55:06,FC99F724,openml,6969,3722083,best_n,0.1,0,0.413722
20:55:06,FC99F724,openml,6969,3722132,best_n,0.1,0,0.408231
20:55:06,FC99F724,openml,6969,3722195,best_n,0.1,0,0.400505
20:55:06,FC99F724,openml,6969,3722398,best_n,0.1,0,0.415478
20:55:06,FC99F724,openml,6969,3722536,best_n,0.1,0,0.409168
20:55:06,FC99F724,openml,6969,3722619,best_n,0.1,0,0.410642
20:55:06,FC99F724,openml,6969,3722635,best_n,0.1,0,0.401761
20:55:06,FC99F724,openml,6969,3722658,best_n,0.1,0,0.406271
20:55:06,FC99F724,openml,6969,3722763,best_n,0.1,0,0.406925
20:55:06,FC99F724,openml,6969,3723014,best_n,0.1,0,0.395638
20:55:06,FC99F724,openml,6969,3723015,best_n,0.1,0,0.394879
20:55:06,FC99F724,openml,6969,3723111,best_n,0.1,0,0.406535
20:55:06,FC99F724,openml,6969,3723151,best_n,0.1,0,0.407533
20:55:06,FC99F724,openml,6969,3723405,best_n,0.1,0,0.402502
20:55:06,FC99F724,openml,6969,3723532,best_n,0.1,0,0.40607
20:55:06,FC99F724,openml,6969,3723652,best_n,0.1,0,0.397967
20:55:06,FC99F724,openml,6969,3723662,best_n,0.1,0,0.412496
20:55:06,FC99F724,openml,6969,3723744,best_n,0.1,0,0.412918
20:55:06,FC99F724,openml,6969,3723787,best_n,0.1,0,0.405744
20:55:06,FC99F724,openml,6969,3724009,best_n,0.1,0,0.415541
20:55:06,FC99F724,openml,6969,3724060,best_n,0.1,0,0.409778
20:55:06,FC99F724,openml,6969,3724146,best_n,0.1,0,0.411596
20:55:06,FC99F724,openml,6969,3724272,best_n,0.1,0,0.403283
20:55:06,FC99F724,openml,6969,3724281,best_n,0.1,0,0.407278
20:55:06,FC99F724,openml,6969,3724303,best_n,0.1,0,0.396917
20:55:06,FC99F724,openml,6969,3724381,best_n,0.1,0,0.415724
20:55:06,FC99F724,openml,6969,3724569,best_n,0.1,0,0.405767
20:55:06,FC99F724,openml,6969,3724577,best_n,0.1,0,0.414007
20:55:06,FC99F724,openml,6969,3724667,best_n,0.1,0,0.407915
20:55:06,FC99F724,openml,6969,3724785,best_n,0.1,0,0.400449
20:55:06,FC99F724,openml,6969,3724786,best_n,0.1,0,0.411371
20:55:06,FC99F724,openml,6969,3724842,best_n,0.1,0,0.406635
20:55:06,FC99F724,openml,6969,3724900,best_n,0.1,0,0.404846
20:55:06,FC99F724,openml,6969,3725066,best_n,0.1,0,0.403168
20:55:06,FC99F724,openml,6969,3725079,best_n,0.1,0,0.408389
20:55:06,FC99F724,openml,6969,3725082,best_n,0.1,0,0.405074
20:55:06,FC99F724,openml,6969,3725190,best_n,0.1,0,0.409781
20:55:06,FC99F724,openml,6969,3725208,best_n,0.1,0,0.405032
20:55:06,FC99F724,openml,6969,3725426,best_n,0.1,0,0.416086
20:55:06,FC99F724,openml,6969,3725488,best_n,0.1,0,0.41514
20:55:06,FC99F724,openml,6969,3725594,best_n,0.1,0,0.420703
20:55:06,FC99F724,openml,6969,3725847,best_n,0.1,0,0.423108
20:55:06,FC99F724,openml,6969,3725973,best_n,0.1,0,0.403563
20:55:06,FC99F724,openml,6969,3726074,best_n,0.1,0,0.411062
20:55:06,FC99F724,openml,6969,3726096,best_n,0.1,0,0.416901
20:55:06,FC99F724,openml,6969,3726101,best_n,0.1,0,0.413583
20:55:06,FC99F724,openml,6969,3726253,best_n,0.1,0,0.414971
20:55:06,FC99F724,openml,6969,3726348,best_n,0.1,0,0.412917
20:55:06,FC99F724,openml,6969,3726491,best_n,0.1,0,0.41067
20:55:06,FC99F724,openml,6969,3726553,best_n,0.1,0,0.407936
20:55:06,FC99F724,openml,6969,3726561,best_n,0.1,0,0.403871
20:55:06,FC99F724,openml,6969,3726644,best_n,0.1,0,0.395005
20:55:06,FC99F724,openml,6969,3726740,best_n,0.1,0,0.402502
20:55:06,FC99F724,openml,6969,3726763,best_n,0.1,0,0.401157
20:55:06,FC99F724,openml,6969,3726968,best_n,0.1,0,0.408386
20:55:06,FC99F724,openml,6969,3726970,best_n,0.1,0,0.409734
20:55:06,FC99F724,openml,6969,3727218,best_n,0.1,0,0.404281
20:55:06,FC99F724,openml,6969,3727252,best_n,0.1,0,0.40818
20:55:06,FC99F724,openml,6969,3727319,best_n,0.1,0,0.415129
20:55:06,FC99F724,openml,6969,3727323,best_n,0.1,0,0.40613
20:55:06,FC99F724,openml,6969,3727369,best_n,0.1,0,0.412311
20:55:06,FC99F724,openml,6969,3727552,best_n,0.1,0,0.397001
20:55:06,FC99F724,openml,6969,3727566,best_n,0.1,0,0.401523
20:55:06,FC99F724,openml,6969,3727676,best_n,0.1,0,0.408111
20:55:06,FC99F724,openml,6969,3727858,best_n,0.1,0,0.401287
20:55:06,FC99F724,openml,6969,3727941,best_n,0.1,0,0.406793
20:55:06,FC99F724,openml,6969,3728027,best_n,0.1,0,0.410043
20:55:06,FC99F724,openml,6969,3728129,best_n,0.1,0,0.394273
20:55:06,FC99F724,openml,6969,3728209,best_n,0.1,0,0.411519
20:55:06,FC99F724,openml,6969,3728212,best_n,0.1,0,0.417829
20:55:06,FC99F724,openml,6969,3728283,best_n,0.1,0,0.40884
20:55:06,FC99F724,openml,6969,3728390,best_n,0.1,0,0.400058
20:55:06,FC99F724,openml,6969,3728420,best_n,0.1,0,0.401163
20:55:06,FC99F724,openml,6969,3728481,best_n,0.1,0,0.405115
20:55:06,FC99F724,openml,6969,3728703,best_n,0.1,0,0.412465
20:55:06,FC99F724,openml,6969,3728753,best_n,0.1,0,0.403501
20:55:06,FC99F724,openml,6969,3728759,best_n,0.1,0,0.405249
20:55:06,FC99F724,openml,6969,3728881,best_n,0.1,0,0.404427
20:55:06,FC99F724,openml,6969,3728964,best_n,0.1,0,0.411162
20:55:06,FC99F724,openml,6969,3728991,best_n,0.1,0,0.414603
20:55:06,FC99F724,openml,6969,3729100,best_n,0.1,0,0.399819
20:55:06,FC99F724,openml,6969,3729174,best_n,0.1,0,0.40451
20:55:06,FC99F724,openml,6969,3729232,best_n,0.1,0,0.40757
20:55:06,FC99F724,openml,6969,3729364,best_n,0.1,0,0.404113
20:55:06,FC99F724,openml,6969,3729383,best_n,0.1,0,0.410546
20:55:06,FC99F724,openml,6969,3729541,best_n,0.1,0,0.411252
20:55:06,FC99F724,openml,6969,3729553,best_n,0.1,0,0.406777
20:55:06,FC99F724,openml,6969,3729563,best_n,0.1,0,0.415634
20:55:06,FC99F724,openml,6969,3729690,best_n,0.1,0,0.425116
20:55:06,FC99F724,openml,6969,3729900,best_n,0.1,0,0.431733
20:55:06,FC99F724,openml,6969,3729904,best_n,0.1,0,0.422952
20:55:06,FC99F724,openml,6969,3730009,best_n,0.1,0,0.417398
20:55:06,FC99F724,openml,6969,3730089,best_n,0.1,0,0.408806
20:55:06,FC99F724,openml,6969,3730097,best_n,0.1,0,0.404754
20:55:06,FC99F724,openml,6969,3730155,best_n,0.1,0,0.422333
20:55:06,FC99F724,openml,6969,3730164,best_n,0.1,0,0.423228
20:55:06,FC99F724,openml,6969,3730250,best_n,0.1,0,0.413332
20:55:06,FC99F724,openml,6969,3730519,best_n,0.1,0,0.410181
20:55:06,FC99F724,openml,6969,3730615,best_n,0.1,0,0.412181
20:55:06,FC99F724,openml,6969,3730627,best_n,0.1,0,0.411905
20:55:06,FC99F724,openml,6969,3730648,best_n,0.1,0,0.41242
20:55:06,FC99F724,openml,6969,3730711,best_n,0.1,0,0.402213
20:55:06,FC99F724,openml,6969,3730876,best_n,0.1,0,0.40502
20:55:06,FC99F724,openml,6969,3731080,best_n,0.1,0,0.409079
20:55:06,FC99F724,openml,6969,3731084,best_n,0.1,0,0.408641
20:55:06,FC99F724,openml,6969,3731208,best_n,0.1,0,0.41169
20:55:06,FC99F724,openml,6969,3731450,best_n,0.1,0,0.39703
20:55:06,FC99F724,openml,6969,3731469,best_n,0.1,0,0.402433
20:55:06,FC99F724,openml,6969,3731472,best_n,0.1,0,0.397471
20:55:06,FC99F724,openml,6969,3731479,best_n,0.1,0,0.403282
20:55:06,FC99F724,openml,6969,3731670,best_n,0.1,0,0.400935
20:55:06,FC99F724,openml,6969,3731699,best_n,0.1,0,0.39685
20:55:06,FC99F724,openml,6969,3731811,best_n,0.1,0,0.393886
20:55:06,FC99F724,openml,6969,3731909,best_n,0.1,0,0.402968
20:55:06,FC99F724,openml,6969,3731954,best_n,0.1,0,0.404934
20:55:06,FC99F724,openml,6969,3732052,best_n,0.1,0,0.402467
20:55:06,FC99F724,openml,6969,3732191,best_n,0.1,0,0.40557
20:55:06,FC99F724,openml,6969,3732204,best_n,0.1,0,0.413479
20:55:06,FC99F724,openml,6969,3732355,best_n,0.1,0,0.412739
20:55:06,FC99F724,openml,6969,3732374,best_n,0.1,0,0.411374
20:55:06,FC99F724,openml,6969,3732381,best_n,0.1,0,0.41714
20:55:06,FC99F724,openml,6969,3732521,best_n,0.1,0,0.406062
20:55:06,FC99F724,openml,6969,3732633,best_n,0.1,0,0.406475
20:55:06,FC99F724,openml,6969,3732646,best_n,0.1,0,0.416106
20:55:06,FC99F724,openml,6969,3732929,best_n,0.1,0,0.404782
20:55:06,FC99F724,openml,6969,3733047,best_n,0.1,0,0.41375
20:55:06,FC99F724,openml,6969,3733148,best_n,0.1,0,0.409955
20:55:06,FC99F724,openml,6969,3733159,best_n,0.1,0,0.415299
20:55:06,FC99F724,openml,6969,3733227,best_n,0.1,0,0.424935
20:55:06,FC99F724,openml,6969,3733309,best_n,0.1,0,0.406639
20:55:06,FC99F724,openml,6969,3733333,best_n,0.1,0,0.405962
20:55:06,FC99F724,openml,6969,3733430,best_n,0.1,0,0.401976
20:55:06,FC99F724,openml,6969,3733442,best_n,0.1,0,0.419394
20:55:06,FC99F724,openml,6969,3733580,best_n,0.1,0,0.4108
20:55:06,FC99F724,openml,6969,3733700,best_n,0.1,0,0.39537
20:55:06,FC99F724,openml,6969,3733928,best_n,0.1,0,0.404425
20:55:06,FC99F724,openml,6969,3733929,best_n,0.1,0,0.40939
20:55:06,FC99F724,openml,6969,3733985,best_n,0.1,0,0.40616
20:55:06,FC99F724,openml,6969,3733988,best_n,0.1,0,0.417856
20:55:06,FC99F724,openml,6969,3733990,best_n,0.1,0,0.404424
20:55:06,FC99F724,openml,6969,3734287,best_n,0.1,0,0.402897
20:55:06,FC99F724,openml,6969,3734302,best_n,0.1,0,0.417533
20:55:06,FC99F724,openml,6969,3734404,best_n,0.1,0,0.398273
20:55:06,FC99F724,openml,6969,3734520,best_n,0.1,0,0.404998
20:55:06,FC99F724,openml,6969,3734712,best_n,0.1,0,0.416011
20:55:06,FC99F724,openml,6969,3734813,best_n,0.1,0,0.399227
20:55:06,FC99F724,openml,6969,3734821,best_n,0.1,0,0.397102
20:55:06,FC99F724,openml,6969,3734822,best_n,0.1,0,0.398377
20:55:06,FC99F724,openml,6969,3734942,best_n,0.1,0,0.405186
20:55:06,FC99F724,openml,6969,3735034,best_n,0.1,0,0.419379
20:55:06,FC99F724,openml,6969,3735168,best_n,0.1,0,0.410959
20:55:06,FC99F724,openml,6969,3735341,best_n,0.1,0,0.42709
20:55:06,FC99F724,openml,6969,3735365,best_n,0.1,0,0.394884
20:55:06,FC99F724,openml,6969,3735461,best_n,0.1,0,0.400309
20:55:06,FC99F724,openml,6969,3735467,best_n,0.1,0,0.407951
20:55:06,FC99F724,openml,6969,3735589,best_n,0.1,0,0.407707
20:55:06,FC99F724,openml,6969,3735627,best_n,0.1,0,0.403781
20:55:06,FC99F724,openml,6969,3735682,best_n,0.1,0,0.408535
20:55:06,FC99F724,openml,6969,3735812,best_n,0.1,0,0.411945
20:55:06,FC99F724,openml,6969,3735937,best_n,0.1,0,0.406312
20:55:06,FC99F724,openml,6969,3736109,best_n,0.1,0,0.410483
20:55:06,FC99F724,openml,6969,3736162,best_n,0.1,0,0.412714
20:55:06,FC99F724,openml,6969,3736174,best_n,0.1,0,0.426631
20:55:06,FC99F724,openml,6969,3736217,best_n,0.1,0,0.410197
20:55:06,FC99F724,openml,6969,3736249,best_n,0.1,0,0.401563
20:55:06,FC99F724,openml,6969,3736300,best_n,0.1,0,0.420053
20:55:06,FC99F724,openml,6969,3736414,best_n,0.1,0,0.407077
20:55:06,FC99F724,openml,6969,3736537,best_n,0.1,0,0.408504
20:55:06,FC99F724,openml,6969,3736716,best_n,0.1,0,0.410942
20:55:06,FC99F724,openml,6969,3736769,best_n,0.1,0,0.418975
20:55:06,FC99F724,openml,6969,3736851,best_n,0.1,0,0.425611
20:55:06,FC99F724,openml,6969,3736911,best_n,0.1,0,0.400612
20:55:06,FC99F724,openml,6969,3736982,best_n,0.1,0,0.404616
20:55:06,FC99F724,openml,6969,3737174,best_n,0.1,0,0.403608
20:55:06,FC99F724,openml,6969,3737178,best_n,0.1,0,0.407403
20:55:06,FC99F724,openml,6969,3737280,best_n,0.1,0,0.419529
20:55:06,FC99F724,openml,6969,3737349,best_n,0.1,0,0.405566
20:55:06,FC99F724,openml,6969,3737426,best_n,0.1,0,0.402673
20:55:06,FC99F724,openml,6969,3737447,best_n,0.1,0,0.406333
20:55:06,FC99F724,openml,6969,3737513,best_n,0.1,0,0.409627
20:55:06,FC99F724,openml,6969,3737669,best_n,0.1,0,0.399622
20:55:06,FC99F724,openml,6969,3737685,best_n,0.1,0,0.400754
20:55:06,FC99F724,openml,6969,3738013,best_n,0.1,0,0.415654
20:55:06,FC99F724,openml,6969,3738040,best_n,0.1,0,0.411989
20:55:06,FC99F724,openml,6969,3738098,best_n,0.1,0,0.405097
20:55:06,FC99F724,openml,6969,3738111,best_n,0.1,0,0.410265
20:55:06,FC99F724,openml,6969,3738226,best_n,0.1,0,0.406875
20:55:06,FC99F724,openml,6969,3738231,best_n,0.1,0,0.418917
20:55:06,FC99F724,openml,6969,3738309,best_n,0.1,0,0.409252
20:55:06,FC99F724,openml,6969,3738460,best_n,0.1,0,0.40773
20:55:06,FC99F724,openml,6969,3738548,best_n,0.1,0,0.40126
20:55:06,FC99F724,openml,6969,3738698,best_n,0.1,0,0.408334
20:55:06,FC99F724,openml,6969,3738809,best_n,0.1,0,0.40083
20:55:06,FC99F724,openml,6969,3738848,best_n,0.1,0,0.40497
20:55:06,FC99F724,openml,6969,3738982,best_n,0.1,0,0.404324
20:55:06,FC99F724,openml,6969,3739030,best_n,0.1,0,0.4049
20:55:06,FC99F724,openml,6969,3739130,best_n,0.1,0,0.414518
20:55:06,FC99F724,openml,6969,3739360,best_n,0.1,0,0.411035
20:55:06,FC99F724,openml,6969,3739362,best_n,0.1,0,0.400806
20:55:06,FC99F724,openml,6969,3739491,best_n,0.1,0,0.410684
20:55:06,FC99F724,openml,6969,3739500,best_n,0.1,0,0.411701
20:55:06,FC99F724,openml,6969,3739511,best_n,0.1,0,0.400379
20:55:06,FC99F724,openml,6969,3739547,best_n,0.1,0,0.406087
20:55:06,FC99F724,openml,6969,3739608,best_n,0.1,0,0.411109
20:55:06,FC99F724,openml,6969,3739837,best_n,0.1,0,0.400764
20:55:06,FC99F724,openml,6969,3739911,best_n,0.1,0,0.399028
20:55:06,FC99F724,openml,6969,3740034,best_n,0.1,0,0.402748
20:55:06,FC99F724,openml,6969,3740100,best_n,0.1,0,0.41151
20:55:06,FC99F724,openml,6969,3740229,best_n,0.1,0,0.401293
20:55:06,FC99F724,openml,6969,3740367,best_n,0.1,0,0.405741
20:55:06,FC99F724,openml,6969,3740377,best_n,0.1,0,0.398179
20:55:06,FC99F724,openml,6969,3740572,best_n,0.1,0,0.412951
20:55:06,FC99F724,openml,6969,3740790,best_n,0.1,0,0.406617
20:55:06,FC99F724,openml,6969,3740817,best_n,0.1,0,0.399941
20:55:06,FC99F724,openml,6969,3740850,best_n,0.1,0,0.4036
20:55:06,FC99F724,openml,6969,3740919,best_n,0.1,0,0.416942
20:55:06,FC99F724,openml,6969,3740953,best_n,0.1,0,0.395874
20:55:06,FC99F724,openml,6969,3741035,best_n,0.1,0,0.402489
20:55:06,FC99F724,openml,6969,3741068,best_n,0.1,0,0.424037
20:55:06,FC99F724,openml,6969,3741249,best_n,0.1,0,0.405666
20:55:06,FC99F724,openml,6969,3741325,best_n,0.1,0,0.405113
20:55:06,FC99F724,openml,6969,3741378,best_n,0.1,0,0.411807
20:55:06,FC99F724,openml,6969,3741430,best_n,0.1,0,0.408898
20:55:06,FC99F724,openml,6969,3741508,best_n,0.1,0,0.416371
20:55:06,FC99F724,openml,6969,3741533,best_n,0.1,0,0.407706
20:55:06,FC99F724,openml,6969,3741680,best_n,0.1,0,0.407902
20:55:06,FC99F724,openml,6969,3741826,best_n,0.1,0,0.41223
20:55:06,FC99F724,openml,6969,3741833,best_n,0.1,0,0.410178
20:55:06,FC99F724,openml,6969,3742071,best_n,0.1,0,0.420116
20:55:06,FC99F724,openml,6969,3742105,best_n,0.1,0,0.403157
20:55:06,FC99F724,openml,6969,3742287,best_n,0.1,0,0.398448
20:55:06,FC99F724,openml,6969,3742289,best_n,0.1,0,0.405301
20:55:06,FC99F724,openml,6969,3742290,best_n,0.1,0,0.402817
20:55:06,FC99F724,openml,6969,3742292,best_n,0.1,0,0.402019
20:55:06,FC99F724,openml,6969,3742631,best_n,0.1,0,0.402677
20:55:06,FC99F724,openml,6969,3742751,best_n,0.1,0,0.404467
20:55:06,FC99F724,openml,6969,3742872,best_n,0.1,0,0.406344
20:55:06,FC99F724,openml,6969,3742875,best_n,0.1,0,0.403668
20:55:06,FC99F724,openml,6969,3743009,best_n,0.1,0,0.406528
20:55:06,FC99F724,openml,6969,3743033,best_n,0.1,0,0.403026
20:55:06,FC99F724,openml,6969,3743260,best_n,0.1,0,0.357245
20:55:06,FC99F724,openml,6969,3743294,best_n,0.1,0,0.414037
20:55:06,FC99F724,openml,6969,3743316,best_n,0.1,0,0.408654
20:55:06,FC99F724,openml,6969,3743416,best_n,0.1,0,0.412819
20:55:06,FC99F724,openml,6969,3743513,best_n,0.1,0,0.405312
20:55:06,FC99F724,openml,6969,3743538,best_n,0.1,0,0.415557
20:55:06,FC99F724,openml,6969,3743668,best_n,0.1,0,0.410913
20:55:06,FC99F724,openml,6969,3743673,best_n,0.1,0,0.390482
20:55:06,FC99F724,openml,6969,3743863,best_n,0.1,0,0.411808
20:55:06,FC99F724,openml,6969,3744158,best_n,0.1,0,0.408419
20:55:06,FC99F724,openml,6969,3744216,best_n,0.1,0,0.420234
20:55:06,FC99F724,openml,6969,3744217,best_n,0.1,0,0.406004
20:55:06,FC99F724,openml,6969,3744225,best_n,0.1,0,0.405201
20:55:06,FC99F724,openml,6969,3744308,best_n,0.1,0,0.406082
20:55:06,FC99F724,openml,6969,3744511,best_n,0.1,0,0.410857
20:55:06,FC99F724,openml,6969,3744540,best_n,0.1,0,0.408204
20:55:06,FC99F724,openml,6969,3744545,best_n,0.1,0,0.407746
20:55:06,FC99F724,openml,6969,3744752,best_n,0.1,0,0.413453
20:55:06,FC99F724,openml,6969,3744968,best_n,0.1,0,0.418092
20:55:06,FC99F724,openml,6969,3744993,best_n,0.1,0,0.401791
20:55:06,FC99F724,openml,6969,3745041,best_n,0.1,0,0.409426
20:55:06,FC99F724,openml,6969,3745188,best_n,0.1,0,0.407617
20:55:06,FC99F724,openml,6969,3745274,best_n,0.1,0,0.408657
20:55:06,FC99F724,openml,6969,3745411,best_n,0.1,0,0.400266
20:55:06,FC99F724,openml,6969,3745499,best_n,0.1,0,0.406524
20:55:06,FC99F724,openml,6969,3745571,best_n,0.1,0,0.418229
20:55:06,FC99F724,openml,6969,3745594,best_n,0.1,0,0.418579
20:55:06,FC99F724,openml,6969,3745809,best_n,0.1,0,0.406537
20:55:06,FC99F724,openml,6969,3745991,best_n,0.1,0,0.402602
20:55:06,FC99F724,openml,6969,3746172,best_n,0.1,0,0.420127
20:55:06,FC99F724,openml,6969,3746174,best_n,0.1,0,0.407635
20:55:06,FC99F724,openml,6969,3746435,best_n,0.1,0,0.41399
20:55:06,FC99F724,openml,6969,3746478,best_n,0.1,0,0.398133
20:55:06,FC99F724,openml,6969,3746500,best_n,0.1,0,0.411936
20:55:06,FC99F724,openml,6969,3746661,best_n,0.1,0,0.414651
20:55:06,FC99F724,openml,6969,3746778,best_n,0.1,0,0.406795
20:55:06,FC99F724,openml,6969,3746846,best_n,0.1,0,0.417471
20:55:06,FC99F724,openml,6969,3747090,best_n,0.1,0,0.403233
20:55:06,FC99F724,openml,6969,3747154,best_n,0.1,0,0.40301
20:55:06,FC99F724,openml,6969,3747165,best_n,0.1,0,0.412002
20:55:06,FC99F724,openml,6969,3747171,best_n,0.1,0,0.409756
20:55:06,FC99F724,openml,6969,3747263,best_n,0.1,0,0.420047
20:55:06,FC99F724,openml,6969,3747381,best_n,0.1,0,0.404789
20:55:06,FC99F724,openml,6969,3747465,best_n,0.1,0,0.402437
20:55:06,FC99F724,openml,6969,3747489,best_n,0.1,0,0.416347
20:55:06,FC99F724,openml,6969,3747613,best_n,0.1,0,0.405925
20:55:06,FC99F724,openml,6969,3747791,best_n,0.1,0,0.423685
20:55:06,FC99F724,openml,6969,3747872,best_n,0.1,0,0.413716
20:55:06,FC99F724,openml,6969,3748076,best_n,0.1,0,0.403863
20:55:06,FC99F724,openml,6969,3748154,best_n,0.1,0,0.410796
20:55:06,FC99F724,openml,6969,3748189,best_n,0.1,0,0.40676
20:55:06,FC99F724,openml,6969,3748230,best_n,0.1,0,0.41669
